Balance,BonusMiles,BonusTrans,DaysSinceEnroll,FlightMiles,FlightTrans
48296,31329,9,3061,500,1
10021,0,0,7879,0,0
49280,22370,16,3312,0,0
213539,2750,15,4751,0,0
125465,14750,9,7206,0,0
7698,0,0,1734,0,0
201259,40755,34,3398,0,0
350608,50988,26,3630,2643,5
146232,83783,19,3566,375,1
2080,0,0,4635,0,0
93971,62023,22,4580,450,3
20999,15914,13,6206,0,0
15832,8130,20,1698,500,1
207021,3600,4,5412,100,1
31504,7358,2,1022,0,0
27619,83726,68,1325,14050,46
63454,49068,13,5383,0,0
25634,0,0,5663,0,0
83217,3679,4,2447,0,0
172110,21382,23,5944,950,3
50848,0,0,1773,0,0
31319,7552,5,5912,0,0
35557,350,3,1135,0,0
13188,1500,3,1955,1500,3
11449,24415,11,5864,0,0
7535,18487,20,1678,0,0
112345,36640,14,1669,0,0
177232,14787,13,3137,0,0
11494,8425,15,5487,4700,11
37997,11073,5,2805,0,0
2701,5000,10,8002,0,0
31211,280,4,6330,100,1
43498,0,0,6759,0,0
66572,8048,14,6240,450,2
16962,0,0,2206,0,0
7630,220,3,3403,0,0
39956,0,0,3206,0,0
130748,65510,37,1545,6349,7
200963,6164,4,4782,150,1
225802,74340,16,8296,200,2
94896,38127,15,5602,500,1
5351,100,1,6450,0,0
43088,4000,1,7345,0,0
37833,48172,15,3551,500,1
147770,64517,31,1831,450,4
66015,26706,30,5790,2676,7
9396,860,5,3588,350,2
73159,358,4,3237,358,4
23529,500,1,8296,0,0
5110,0,0,2901,0,0
3919,500,1,1591,0,0
37162,0,0,6241,0,0
68963,37723,15,8296,0,0
137760,64949,13,2580,0,0
47764,23122,11,1872,400,1
178010,5500,4,2777,500,1
54950,30500,9,450,0,0
9430,11323,13,5756,0,0
3065,0,0,87,0,0
37569,3850,4,1597,250,1
455228,258,2,7141,258,2
35900,0,0,7304,0,0
89094,55865,13,2404,0,0
11875,3625,22,1408,0,0
43338,1000,4,4275,1000,4
47090,0,0,3726,0,0
21540,1188,9,4791,0,0
26367,19649,15,5874,0,0
38508,13523,13,3279,0,0
33554,27410,16,6428,350,1
108100,45113,17,4699,1000,2
62907,3200,3,1431,200,1
4751,0,0,334,0,0
29754,500,1,2655,0,0
157416,67795,16,5132,0,0
34690,18124,14,5752,0,0
83276,22539,8,3424,650,2
77753,12483,13,2377,0,0
18266,12254,15,3713,0,0
26797,0,0,1928,0,0
80154,47270,14,4352,0,0
10758,0,0,1777,0,0
15219,0,0,6427,0,0
11690,17615,17,4417,0,0
34428,2625,10,5938,0,0
1054,15147,3,3133,0,0
128620,7747,12,3789,0,0
46734,10007,18,5080,0,0
51468,2278,9,7460,0,0
2250,1750,7,817,0,0
97535,0,0,2418,0,0
119340,400,5,3855,400,5
41150,0,0,2000,0,0
88500,2500,2,5090,0,0
103809,16776,14,3699,0,0
29182,3517,18,1404,642,2
3110,1100,2,345,0,0
196922,40170,18,3755,0,0
28693,8229,20,1937,0,0
38021,5538,9,6407,0,0
89876,51620,17,1739,0,0
22215,2375,12,1857,0,0
7375,2750,13,714,0,0
121853,18120,18,5589,2000,4
362642,28079,8,6835,0,0
63311,29318,11,4667,0,0
146014,26366,17,5822,700,3
37212,0,0,2455,0,0
56635,1024,8,8296,359,2
282971,5780,16,2192,300,3
72178,2100,10,5139,0,0
95305,3189,13,7054,0,0
20207,3033,12,3370,0,0
37926,25153,7,5845,0,0
37114,21623,12,4040,0,0
1511,2250,11,5051,0,0
93371,55338,20,3382,0,0
251286,0,0,8289,0,0
81960,37072,22,6326,700,7
46545,0,0,5066,0,0
173543,92752,25,6329,0,0
704113,98119,23,3082,0,0
113113,10736,13,4307,0,0
212051,76256,23,5523,2993,6
28294,0,0,1865,0,0
10288,1250,3,5532,0,0
98895,89709,17,3854,500,1
21101,7171,32,5839,0,0
46882,0,0,3701,0,0
33560,2600,14,4604,0,0
124837,4400,7,2053,1500,5
12713,0,0,3077,0,0
9805,4403,11,1559,0,0
25530,25131,17,3677,0,0
82497,0,0,3565,0,0
6705,600,2,507,0,0
233057,102840,11,4791,0,0
11361,3375,20,1367,0,0
253349,68947,18,4545,1000,2
384470,20468,16,6280,0,0
23854,22498,18,4274,250,3
2627,0,0,25,0,0
52562,23773,15,3021,600,2
142152,19464,13,3088,0,0
24545,0,0,5671,0,0
4500,1500,5,1033,0,0
80331,15489,18,7634,0,0
94272,11098,16,5121,0,0
35546,3376,10,3739,0,0
7730,375,3,4659,0,0
17818,0,0,1709,0,0
81300,3750,5,5791,250,3
5583,3147,14,5365,0,0
112969,7572,7,7192,0,0
16465,16165,5,1631,0,0
25676,0,0,1597,0,0
74531,10914,17,3456,750,3
44182,12313,12,7619,0,0
12465,380,3,4162,0,0
185681,13300,16,6896,1800,9
109087,10462,16,8296,0,0
3350,65,3,3540,0,0
36644,14506,13,5583,0,0
23033,7910,15,2765,0,0
6628,2125,8,2539,0,0
41967,2125,10,6247,0,0
1724,27305,20,1784,0,0
77097,42403,22,6683,1718,4
31784,350,1,1604,350,1
169947,48140,21,4895,0,0
52423,26926,13,6611,0,0
38439,3318,13,3886,0,0
1076,11379,8,4233,0,0
5375,1375,11,1396,0,0
117670,53043,19,6505,550,1
160703,32560,12,6666,0,0
28446,0,0,1920,0,0
290012,64360,18,5931,650,2
86143,29652,11,4317,500,1
59151,11110,13,1636,0,0
472241,3600,12,5045,3500,11
95207,30652,30,5531,2348,8
18944,300,3,3932,300,3
130364,62083,15,5213,250,1
15732,6875,33,666,0,0
112843,16137,14,6472,0,0
55064,8041,13,3329,0,0
131366,1500,2,1999,500,1
131125,4993,11,1443,50,1
640169,82561,36,3895,400,2
29067,485,3,2147,250,1
8725,5600,14,1426,0,0
30040,8636,8,3873,500,1
34651,4000,6,6157,500,1
199956,0,0,8296,0,0
34450,26996,7,5566,0,0
88563,42410,27,2567,0,0
86011,31769,18,5381,0,0
39418,700,3,2343,200,2
259484,19172,26,6723,7172,23
134318,333,3,3488,258,1
177785,77203,15,1251,0,0
242018,3050,3,3218,550,2
124564,11026,13,3840,0,0
18939,855,3,3216,0,0
77067,40129,15,3671,0,0
15496,0,0,6324,0,0
9753,1235,3,4343,0,0
13034,60000,6,4169,0,0
18088,16697,6,501,0,0
61450,7927,10,4383,0,0
28319,18449,13,4392,0,0
89742,39073,13,6498,0,0
82981,105325,44,3964,1000,2
45916,675,6,2818,500,2
59552,7551,22,6473,0,0
2125,625,5,1248,0,0
146086,6950,17,5345,6950,17
188883,5500,3,2613,0,0
298927,69449,27,2047,150,3
5617,4400,4,4706,400,1
33129,30775,14,5647,500,1
7591,0,0,926,0,0
4490,0,0,107,0,0
126873,95598,32,3880,500,1
59990,27878,17,7854,0,0
8811,600,5,2032,0,0
3487,710,1,6059,0,0
59821,4200,4,4419,200,2
31611,4030,12,1457,0,0
40965,9850,11,5429,1850,6
54125,48874,17,6463,450,3
35425,4125,19,3834,0,0
4923,305,2,2985,0,0
1000,1000,1,1970,0,0
194906,23780,14,3880,200,1
7138,0,0,293,0,0
36936,2875,16,5492,0,0
57857,62650,37,4996,12400,29
30893,0,0,3623,0,0
193976,10849,14,7416,0,0
64138,22089,19,3257,0,0
55404,10613,15,3531,500,1
133143,43643,14,6385,50,1
11189,9044,20,8296,0,0
11324,11082,11,2661,0,0
60049,0,0,4278,0,0
63090,12059,20,4231,350,3
41385,26948,14,7481,0,0
78231,19182,13,3102,0,0
34464,5312,5,2886,0,0
11604,95,2,4177,0,0
77523,11050,5,4274,1000,2
62960,50255,10,1824,0,0
24008,540,3,4901,0,0
78305,130,3,2580,0,0
10458,10458,12,3726,0,0
166470,9574,16,4194,0,0
15624,0,0,1634,0,0
43823,500,1,2717,0,0
19078,200,1,1999,200,1
20603,115,5,3054,0,0
75505,30850,17,4007,500,1
35997,71171,19,6088,900,5
771,13160,4,1601,0,0
115533,8867,15,5968,0,0
132132,20443,18,3916,1310,4
38411,500,1,3190,500,1
216498,43083,24,4440,2500,5
11821,10697,10,6387,0,0
402312,77122,18,7375,250,3
52537,49146,19,1944,100,2
12791,0,0,4246,0,0
37300,23760,19,676,0,0
51737,3119,19,1774,0,0
14791,23956,26,2689,300,2
225665,4288,15,4048,500,1
33834,3920,12,1850,0,0
42420,1000,1,4461,0,0
28480,2644,6,2628,0,0
68255,19077,22,6130,400,2
93264,3250,19,2369,0,0
26173,305,1,1418,0,0
24292,6558,10,5276,0,0
62589,10000,4,2803,0,0
34294,17683,14,2661,0,0
44206,22598,14,2247,500,1
87507,17714,19,3274,0,0
85412,25102,16,2816,500,1
138008,34178,14,2962,200,1
104307,51769,24,6197,450,1
39909,2682,14,4470,0,0
20516,3500,20,1429,0,0
26204,4030,6,5989,2930,4
48224,0,0,2888,0,0
14952,250,1,3099,250,1
714717,119162,20,7183,1750,4
62903,16434,13,3732,0,0
71543,0,0,6305,0,0
8767,6589,8,4394,3892,6
46030,4375,27,4566,0,0
41072,3751,15,2378,0,0
137402,950,6,4685,200,3
53384,16907,12,5778,0,0
48577,34224,16,2794,0,0
75039,2750,10,7435,250,1
39601,4066,12,5434,0,0
500,500,1,493,0,0
500,125,1,1355,0,0
114932,3150,13,6092,1650,12
182704,5850,12,3820,3100,10
68243,10012,22,3888,903,3
16936,14970,2,580,0,0
63331,4200,4,2060,700,2
1703,1230,4,4390,0,0
64280,21721,18,6280,0,0
17684,93,1,2012,0,0
301447,63866,18,6004,500,1
404,550,3,1418,0,0
152284,77045,38,4996,1648,10
72510,31469,12,4169,0,0
43000,1273,4,4646,173,1
60493,9000,1,8289,0,0
45432,12833,15,1322,0,0
27488,23927,21,2273,0,0
12153,1050,9,2041,1050,9
405499,72318,46,2329,9729,29
36227,7230,14,3736,0,0
12264,0,0,267,0,0
30664,21242,22,4268,700,5
82528,2100,5,8228,600,4
49438,33912,14,5085,0,0
67948,2750,5,4226,650,3
240904,63385,22,5045,350,1
3834,500,1,524,0,0
28223,8625,12,5651,0,0
156230,5300,8,7260,1300,5
84785,4570,14,6514,0,0
71767,67335,13,7570,0,0
51353,8114,16,2637,2004,10
79333,1500,3,2977,1500,3
18601,5899,12,1600,0,0
352508,23740,6,7563,1000,2
9611,2250,3,2845,0,0
142929,40826,23,2803,0,0
30594,3250,12,5017,0,0
26933,750,6,1299,0,0
34379,13051,20,3805,150,1
8660,0,0,172,0,0
23431,3546,10,6182,0,0
267404,263685,51,6584,3000,6
338656,52908,16,6444,0,0
45050,4875,10,2669,500,1
74579,4600,11,8289,600,8
102669,6760,14,3265,306,2
84633,10771,10,5479,0,0
12221,511,4,3692,0,0
9554,2710,3,5064,0,0
22077,1385,4,3187,0,0
101089,23503,17,5834,0,0
18154,7748,16,5310,0,0
16872,28964,7,5479,0,0
25207,6883,13,3440,0,0
45358,14507,9,5735,0,0
211773,23256,30,2675,0,0
75288,36866,20,2774,0,0
20410,0,0,541,0,0
51745,41377,14,4606,0,0
89413,24667,21,1767,0,0
7015,1150,3,3398,150,2
51592,18678,9,2230,0,0
12088,27292,17,1298,100,1
32323,1250,3,2074,0,0
15221,4425,9,7361,0,0
26561,100,1,4926,0,0
22132,0,0,5150,0,0
53487,0,0,3991,0,0
45150,18907,13,4141,0,0
298505,130647,32,2483,600,2
269558,10000,1,5472,0,0
70927,12011,12,2096,1567,8
109640,66983,38,8296,5500,17
31478,18885,18,6578,0,0
12526,56076,19,7375,3850,11
5410,45890,22,6603,0,0
11162,0,0,4950,0,0
173191,31503,13,6084,0,0
33111,0,0,2461,0,0
42966,7734,6,2840,0,0
45257,3625,7,3417,0,0
25705,0,0,1180,0,0
59017,34746,25,1418,0,0
231,29900,24,7015,5300,15
82352,5760,18,1797,0,0
54309,6772,7,4698,250,1
19627,500,1,3340,500,1
57509,52449,19,5441,150,1
8053,0,0,6750,0,0
265,6000,1,1012,0,0
57793,20959,15,1424,1198,3
12665,4125,24,4539,0,0
14648,21157,12,1843,0,0
95658,5269,18,7584,0,0
18521,1227,2,7917,1227,2
151301,37772,14,7092,0,0
54810,19665,21,2368,0,0
14428,3475,21,1599,0,0
130595,0,0,1677,0,0
1500,0,0,60,0,0
4939,1000,1,2515,0,0
86341,20991,16,3053,0,0
18533,27904,14,2102,0,0
80431,2150,2,5531,150,1
76430,13653,17,3018,0,0
10197,3098,10,723,0,0
99336,14195,14,4453,500,1
238749,7134,14,6297,3134,12
84949,41854,15,5336,0,0
16452,9181,5,2108,0,0
245045,25039,16,4173,500,1
50015,20839,16,4497,50,1
31930,1337,6,3330,267,1
417,3000,1,3670,0,0
81866,10000,4,1591,0,0
2305,0,0,5105,0,0
14106,475,4,5749,0,0
41062,8275,11,3356,0,0
50496,13287,26,4610,0,0
16430,8528,12,6036,0,0
89237,37668,18,2533,0,0
25272,0,0,5189,0,0
157452,45312,18,4471,0,0
70774,32635,31,5931,1400,14
176849,7700,11,6539,950,4
71610,20918,14,4895,0,0
24454,1919,7,732,0,0
5317,0,0,2992,0,0
49514,4500,22,2569,0,0
51653,11052,14,1571,0,0
49145,12755,22,5323,2450,7
23165,5990,15,1678,150,1
72309,41949,20,1735,289,2
18007,33237,15,4665,0,0
53232,80696,65,3831,22100,45
68464,240,3,8296,0,0
65034,14331,16,6541,800,3
38227,8612,13,7036,0,0
14598,625,5,1562,0,0
59424,36600,23,4211,1000,3
42107,3600,4,3607,1000,2
26505,0,0,3102,0,0
35039,174,1,2314,0,0
129412,62510,21,5982,0,0
155385,15267,12,3624,0,0
8957,0,0,4509,0,0
118572,21426,19,5892,0,0
55417,37127,31,3575,0,0
105769,23097,16,7345,0,0
14448,1625,6,6856,0,0
38671,2200,9,5192,1000,5
86345,13415,16,8009,350,2
26334,0,0,2258,0,0
2000,2000,4,6809,2000,4
70518,2000,3,4450,1000,2
95537,29226,17,1774,150,1
10679,13363,12,4001,0,0
67086,18157,16,6974,0,0
23334,0,0,6441,0,0
27669,3219,7,3413,0,0
21855,200,3,5383,0,0
219174,4500,5,4265,2000,4
41176,7624,7,3729,2624,4
46823,5860,12,7613,0,0
20391,90,3,2884,0,0
38061,34227,18,2649,3600,8
49482,33147,23,1255,0,0
3447,1000,1,872,0,0
97606,42980,24,3355,0,0
50715,39211,13,4051,0,0
5500,0,0,989,0,0
15964,0,0,5325,0,0
52713,16273,13,4449,100,1
13543,1443,7,3811,423,2
64385,981,5,1395,0,0
4150,375,3,1424,0,0
5573,1958,17,3714,0,0
15592,37173,13,5209,0,0
22840,0,0,773,0,0
15669,1205,4,8296,0,0
15113,10574,19,7017,0,0
451673,43533,19,7575,900,4
55147,29219,13,4225,0,0
49430,31471,16,5822,0,0
18601,100,1,4888,0,0
68454,13667,12,5559,0,0
124979,14267,14,3720,0,0
2000,0,0,1479,0,0
17575,0,0,8289,0,0
44690,24779,15,2297,1000,2
18047,100,1,7868,0,0
34962,252,3,6208,0,0
91670,48193,17,5365,1000,2
31541,5101,12,3488,0,0
1625,1250,3,1381,0,0
46607,0,0,3727,0,0
14523,4197,4,6276,0,0
51088,0,0,7057,0,0
171509,40090,55,8151,6381,23
10512,0,0,836,0,0
75181,2455,7,6133,1100,3
4858,0,0,3294,0,0
17219,6167,10,2627,3757,6
66052,8380,8,4301,0,0
14345,50752,16,5487,0,0
15439,490,3,5147,0,0
23890,35574,19,5031,0,0
71784,39276,20,4936,0,0
9453,2585,5,3463,0,0
46184,3125,12,7388,500,1
4137,15891,19,5588,0,0
69954,8500,5,1578,500,1
31134,20108,17,5352,0,0
10484,0,0,6375,0,0
4342,0,0,1678,0,0
29105,5000,1,2774,0,0
13381,1150,2,3312,150,1
36861,4642,16,3350,1200,3
53360,7251,5,5120,6251,4
228529,24687,14,4924,500,1
60319,22051,19,817,50,1
31668,1800,3,2271,300,2
26103,13692,18,3151,0,0
415070,153183,41,6423,3802,20
96098,12500,4,7339,0,0
13114,14029,13,6289,0,0
116923,70403,50,1738,0,0
117623,86582,26,6477,1000,6
134650,40232,17,6000,2055,2
9216,340,3,1466,0,0
59385,22914,11,5476,0,0
15876,0,0,4512,0,0
18263,2100,4,7285,1000,2
76446,63811,17,6550,0,0
51402,4375,14,4978,0,0
34412,14734,13,1524,0,0
153962,90992,21,6567,0,0
54116,34997,14,4848,0,0
11782,0,0,5864,0,0
11908,0,0,5240,0,0
16965,2475,13,2182,0,0
145868,61068,18,3925,10042,4
4090,0,0,59,0,0
106234,11160,26,5238,0,0
73811,25394,14,5021,1000,2
13490,0,0,4870,0,0
233656,41941,14,4266,500,1
434,15530,5,3628,0,0
38580,4337,7,2168,0,0
57346,5560,23,6766,0,0
6316,0,0,4149,0,0
24418,12533,13,5626,0,0
60386,24356,14,1785,1565,1
25004,1113,3,4860,0,0
199,0,0,2822,0,0
127807,17086,16,7537,1500,3
47165,4545,4,2992,0,0
22384,0,0,3676,0,0
76077,500,4,4616,0,0
10994,10492,15,2215,0,0
2912,510,1,2132,0,0
1000,0,0,2126,0,0
81380,56524,22,7404,0,0
7845,265,3,3508,0,0
22988,9347,14,5944,1200,4
51890,48963,16,6910,0,0
226826,91660,21,5906,500,1
196079,56890,21,4791,0,0
32988,49484,14,2161,0,0
123646,12450,30,5069,2450,29
77203,66817,16,4646,0,0
12000,5625,34,859,0,0
78268,6172,13,5758,500,1
16472,45517,12,6262,0,0
25279,14938,26,7327,0,0
205651,4025,21,7932,700,4
11021,115,2,2449,0,0
23178,0,0,2351,0,0
152421,17045,20,5510,500,1
203353,14000,13,3557,4000,8
190674,104159,33,3396,4754,15
5450,125,3,687,0,0
14079,6503,16,2999,0,0
41243,27971,7,6483,300,1
114713,7142,18,8296,0,0
16094,0,0,199,0,0
18656,4752,11,968,0,0
8651,41586,22,5882,950,5
75428,7539,14,5609,0,0
2793,8000,3,4588,0,0
24787,1000,1,3930,0,0
105665,31226,13,4727,0,0
19996,500,1,3217,0,0
170632,4650,3,1480,0,0
14957,0,0,2634,0,0
32061,1100,6,5295,0,0
43304,3750,4,1887,250,2
14775,14275,9,1519,0,0
109131,17481,17,3622,150,1
42363,0,0,7120,0,0
46430,2100,4,7194,500,1
49129,16921,18,2692,500,1
7369,0,0,2277,0,0
385195,0,0,4903,0,0
45031,1000,1,5227,0,0
86520,64450,20,6592,1000,2
103240,44627,29,2993,50,1
107360,15641,15,4423,0,0
7430,10500,5,4791,0,0
32377,250,2,3515,250,2
83781,35151,22,2066,200,1
423540,8534,14,7375,2100,9
2214,0,0,2448,0,0
21843,1411,9,3177,0,0
123055,11564,5,2209,1039,2
13958,4291,5,6905,0,0
15584,2875,16,1894,0,0
38739,3050,3,1976,550,2
61956,17500,2,2755,0,0
102083,12978,14,2780,150,2
26256,2000,9,2847,0,0
50909,14830,18,4135,0,0
44331,2850,3,5555,350,1
179472,11289,15,4708,0,0
364387,28200,27,7213,0,0
101464,14610,13,4223,0,0
379744,19191,17,4608,1850,11
285116,8471,18,7406,500,1
94105,100,1,6676,0,0
37904,19052,17,6487,0,0
147128,59991,47,2279,1065,1
107707,19407,25,7024,2211,12
163964,11385,11,5948,0,0
260261,33047,21,8146,0,0
46672,22404,22,2021,0,0
53327,8650,6,6350,650,2
8327,0,0,5268,0,0
47662,100,1,760,100,1
50586,0,0,3902,0,0
29707,300,3,5275,0,0
42040,14189,17,5717,4034,13
48363,790,3,2766,0,0
6345,7719,18,2805,0,0
56954,29409,32,4051,0,0
119180,9275,20,4657,1300,6
5929,168,7,2371,0,0
12091,29271,15,5609,0,0
21285,2375,12,1879,0,0
17587,17587,7,5367,0,0
46926,27889,15,4554,0,0
45883,5647,11,1464,0,0
194949,10121,13,4930,4621,10
69337,17740,13,5667,0,0
119531,60503,43,4002,250,1
153664,55567,17,1881,0,0
99293,81040,23,6508,1000,2
7606,29307,17,2930,0,0
40686,260,2,4177,0,0
103200,500,1,2062,500,1
500,0,0,122,0,0
59445,5500,21,4843,500,2
38429,1004,2,2521,1004,2
13560,0,0,368,0,0
11613,2000,1,6519,0,0
10994,1250,3,8007,0,0
9154,0,0,3260,0,0
11927,4000,15,1188,500,1
7383,7225,11,5238,2750,7
86533,3700,4,3600,700,2
10079,569,8,4651,0,0
83651,14809,18,1914,1997,3
129972,15081,18,3986,500,1
1000,0,0,594,0,0
4350,2100,10,1409,0,0
122700,18604,13,6556,0,0
2000,0,0,165,0,0
111384,26669,14,4505,0,0
2124,2324,2,1487,0,0
91473,27408,17,6903,0,0
33803,6100,34,4079,0,0
192246,3170,5,3083,500,1
355145,61926,29,5288,806,8
22029,2882,14,1597,0,0
4528,290,1,6565,0,0
62121,3602,9,1692,0,0
110893,4653,6,3645,0,0
14513,50,2,1710,0,0
49053,6498,18,8289,950,5
10200,3625,15,1408,0,0
4146,3750,9,5210,0,0
25418,50,1,720,50,1
2119,0,0,2399,0,0
189054,17900,25,3985,7400,23
22414,1094,3,2957,0,0
15064,2910,9,6171,0,0
59763,33772,20,7907,100,1
143967,7346,11,7689,0,0
20390,2500,1,2528,0,0
76737,34648,31,6211,0,0
10036,13959,16,3030,0,0
108395,8598,8,5416,0,0
90332,12845,25,2927,0,0
36296,5780,6,4600,0,0
51471,15505,32,4450,412,1
25685,185,3,6382,0,0
72598,6090,8,2804,1100,1
113183,4200,8,1865,600,5
507506,102279,32,8296,4485,13
15108,2850,16,5876,0,0
23965,7308,16,5003,550,3
18359,0,0,1748,0,0
131992,12504,16,5372,0,0
6280,1220,6,2578,200,2
8780,2750,15,4237,0,0
568,710,3,3053,0,0
196093,14000,3,5595,0,0
222312,29039,17,3721,0,0
14243,6654,17,1487,0,0
25157,830,3,2732,0,0
68286,22831,13,8296,0,0
47056,0,0,2031,0,0
3580,130,3,4730,0,0
53768,4798,16,4387,450,1
120462,10500,9,1503,750,2
44742,2500,1,3217,0,0
32099,10534,6,1929,0,0
19860,1500,5,3281,0,0
78712,0,0,6433,0,0
92843,27650,29,3530,9150,26
59035,245,4,3960,0,0
61584,27937,14,3783,0,0
34170,15476,20,8289,150,1
21839,1375,4,5411,0,0
11463,339,4,1425,0,0
4041,0,0,3344,0,0
100443,12744,21,5492,0,0
5544,350,3,1713,0,0
45842,8253,15,1805,128,1
144973,23703,14,6280,0,0
7108,5598,8,2026,2500,5
268097,26933,25,4105,0,0
140866,15906,17,5672,0,0
43285,745,3,2436,0,0
16626,2500,13,4329,0,0
12868,1875,8,2483,0,0
21270,318,10,6256,0,0
26375,7875,38,1431,0,0
30729,16456,15,3795,0,0
7354,0,0,5050,0,0
31236,2250,13,4523,0,0
110628,63759,13,2654,0,0
7504,0,0,100,0,0
41040,66292,14,3372,200,2
18317,2375,12,2032,0,0
110132,19000,5,3271,0,0
70676,74993,15,7288,0,0
40926,1725,7,2453,0,0
4636,0,0,42,0,0
32991,1230,6,3693,0,0
5570,9094,26,2287,0,0
122164,9944,16,3182,0,0
14776,500,1,6952,0,0
70614,32417,18,3519,0,0
13749,400,4,996,400,4
5425,2000,9,1412,0,0
9492,781,6,2320,250,1
32424,39635,16,1584,0,0
41366,27148,15,4806,0,0
19221,4655,8,7896,500,1
45501,49656,17,6375,316,1
28677,215,3,3699,0,0
137371,4977,6,3447,1977,4
34042,3463,14,1761,250,1
36699,2500,13,2119,0,0
34137,335,5,2593,0,0
46874,9689,38,7990,500,1
38604,625,5,5184,0,0
30273,1720,8,1117,0,0
23390,1650,3,5958,150,1
224081,40108,15,7059,150,2
27532,4639,13,3939,0,0
323273,9000,5,6028,500,1
34584,6962,21,5202,1500,7
103645,3450,3,1374,950,2
213849,500,1,6549,0,0
39759,100,1,3278,100,1
32740,10722,4,2315,0,0
27071,2125,10,2059,0,0
15526,2750,15,2063,0,0
43310,10058,13,1589,0,0
88929,44932,20,5694,650,2
12207,0,0,4565,0,0
71459,36608,28,3312,1020,3
137076,61276,24,3225,1600,4
18545,25053,22,2304,0,0
102803,90605,20,5701,0,0
17036,0,0,1210,0,0
18148,26,3,1565,0,0
9998,0,0,6448,0,0
16648,625,4,6588,0,0
76387,3588,7,4442,0,0
42572,21809,14,5070,100,1
3522,3522,4,3916,0,0
16088,17872,15,4563,0,0
70353,2986,15,1879,150,2
27876,0,0,5972,0,0
89112,28670,29,2680,0,0
2494,0,0,8289,0,0
12895,0,0,7277,0,0
9601,20467,16,6338,0,0
370596,50120,12,5826,0,0
34177,7072,16,2867,350,1
109790,16108,4,3123,0,0
14372,9042,13,3557,0,0
17469,0,0,6730,0,0
122705,24222,15,7682,0,0
9300,3250,18,1396,0,0
63638,0,0,5155,0,0
17828,35099,14,2115,0,0
45687,45,2,2269,0,0
12271,7684,15,4219,1000,2
28218,750,4,7232,750,4
4354,1000,1,706,0,0
22772,0,0,8289,0,0
81974,37266,18,7661,1050,3
12404,1950,7,4701,1200,4
930410,211284,18,7640,2250,6
5906,280,1,6395,0,0
62080,19113,32,6434,10650,28
73899,2745,14,2362,500,1
10760,0,0,1534,0,0
10071,27701,16,1421,0,0
4289,2350,4,1083,750,2
66434,13041,13,6230,0,0
75892,8738,15,4160,0,0
2625,125,1,5087,0,0
298911,8550,11,7714,2550,8
1057,433,5,5622,0,0
189053,24156,22,7439,0,0
8859,11998,13,3690,0,0
2111,100,1,5962,0,0
104632,26700,10,2791,1200,7
391,9000,1,2581,0,0
47509,21210,10,4490,1000,2
28306,233,3,6371,0,0
9795,0,0,4960,0,0
34007,440,2,1937,0,0
25322,23821,16,4673,0,0
307149,58008,19,3173,650,2
46142,14445,13,6452,0,0
3552,10597,17,2264,0,0
147862,44783,14,2426,0,0
7029,495,3,2565,0,0
55384,0,0,5309,0,0
9794,2250,11,968,0,0
320997,82255,24,5345,0,0
53985,1000,1,7029,0,0
40408,9612,12,913,0,0
118415,4475,10,4545,100,1
13522,5000,1,5162,0,0
1300,370,1,6868,0,0
113758,12616,14,5199,0,0
7038,1336,3,309,1336,3
42236,8639,10,3259,8389,9
234327,30406,28,6319,150,2
48707,37655,14,7631,0,0
69647,45175,20,854,2250,3
26065,5600,6,1530,1500,3
129919,7150,5,3053,650,2
153108,25802,14,8137,500,1
83105,65077,28,6137,753,3
378759,28904,9,5408,2303,4
83524,43152,18,3694,0,0
85036,43825,21,5807,0,0
45781,6498,13,5801,0,0
12195,3875,17,7229,0,0
104245,45589,14,3810,0,0
10084,500,1,5946,500,1
46186,9744,14,2364,0,0
24496,4000,3,4086,500,1
22324,1375,4,6753,0,0
39450,0,0,1529,0,0
11676,1000,1,1158,0,0
83623,2692,6,2395,900,4
60085,14714,17,2404,0,0
22053,39810,27,2042,0,0
18142,220,4,3638,0,0
17135,60,2,1747,0,0
76933,28075,17,6646,0,0
16495,18779,11,4261,0,0
76150,36907,17,6998,0,0
18476,8525,4,1403,200,1
29298,24656,13,3141,0,0
15253,5427,8,4373,0,0
102062,44247,16,6758,0,0
363165,5950,11,6116,1850,8
59162,2520,7,4726,0,0
39098,18992,14,2129,0,0
273442,54625,35,2676,2850,7
8000,2250,11,3879,0,0
10741,6593,8,1579,1108,2
149167,48521,13,6155,0,0
96179,32069,14,1667,400,2
16986,0,0,3676,0,0
45225,14711,15,7339,0,0
64341,63621,13,4568,0,0
24711,3193,11,6009,500,1
22268,23582,15,6339,200,1
71264,94161,17,4903,1000,2
175501,34318,36,2691,7974,19
57374,2100,5,1440,2100,5
120860,2000,1,1761,0,0
3625,0,0,1369,0,0
189077,54353,27,542,100,1
111897,14728,14,6310,0,0
205219,30347,19,4792,0,0
52693,947,4,2374,0,0
166465,98717,30,5531,0,0
17472,500,1,1618,0,0
3246,0,0,1401,0,0
37618,17385,7,5818,0,0
6000,2250,4,713,0,0
31360,821,7,4488,0,0
11109,53627,13,2623,0,0
239576,13301,12,4849,0,0
65533,7595,10,4544,0,0
105458,750,4,4924,700,2
105898,4444,5,2332,1944,4
152178,39760,15,1073,248,1
51261,2000,4,4904,2000,4
69959,16504,13,6108,0,0
73601,12902,36,2624,2000,4
55086,525,3,3293,400,2
11500,0,0,1695,0,0
48333,10123,14,6737,0,0
10491,5025,11,6357,150,1
54388,27516,14,3903,0,0
46157,1625,3,5609,500,1
148053,10250,2,5301,250,1
35062,16237,26,4152,0,0
25671,10513,12,2945,0,0
33064,300,3,1895,0,0
28979,6494,12,6010,0,0
45137,2000,1,1319,0,0
17111,13577,10,4434,0,0
78130,37251,15,6120,900,2
151265,61068,13,1213,0,0
235567,16106,15,5728,0,0
86913,23705,6,2691,0,0
10872,4500,27,3882,0,0
15655,2807,12,2476,957,4
98339,16336,13,3145,0,0
3625,2000,9,1431,0,0
822321,138334,26,3288,600,2
92905,1766,10,4827,0,0
118067,8715,12,3718,0,0
24579,2100,10,1967,0,0
20248,18507,37,4488,1700,5
218191,24630,17,5240,0,0
58951,47994,15,6625,500,1
17481,0,0,1535,0,0
4708,1000,1,4232,0,0
190295,3501,15,8296,0,0
10621,90,3,2223,0,0
330644,0,0,5822,0,0
34443,2125,10,4233,0,0
63311,90181,34,4604,950,6
146248,2900,4,6333,1400,3
111793,500,1,4057,0,0
198317,61714,16,8289,0,0
97416,63679,29,5093,0,0
70308,41704,19,2186,0,0
86273,35304,15,2523,500,1
184805,52755,22,4726,0,0
347096,12000,6,6408,0,0
97391,26299,8,1607,0,0
20702,30451,24,5856,1100,5
86285,61274,14,6249,0,0
24475,800,8,1614,800,8
82605,23049,15,6417,0,0
114067,42569,23,3336,0,0
26740,619,7,6213,0,0
88232,11550,5,3729,550,3
6789,0,0,2237,0,0
29350,27703,15,3020,0,0
3446,0,0,3245,0,0
63820,13981,15,4608,0,0
34257,2010,4,4309,0,0
20982,44238,18,4716,0,0
19702,3000,1,6554,0,0
85823,0,0,2074,0,0
124030,61599,16,5934,0,0
139032,19565,17,1481,1150,4
5459,9864,14,880,0,0
99196,28334,16,2595,0,0
138332,67836,17,4692,0,0
35316,1250,4,5330,500,1
40418,12678,12,6541,0,0
26156,23831,16,5297,0,0
9575,0,0,1835,0,0
25629,107308,36,5966,600,2
126701,20636,15,2878,0,0
25302,11312,13,5245,0,0
30306,2500,1,4309,0,0
71682,11662,11,3173,0,0
142244,12325,13,3578,0,0
31230,815,5,4931,815,5
143378,3000,4,5905,1500,3
2125,875,7,1396,0,0
210496,9022,24,5953,4900,19
38884,2850,13,5729,500,1
5931,0,0,882,0,0
32270,0,0,2040,0,0
135770,4700,5,4215,200,3
17699,0,0,5505,0,0
14304,0,0,4600,0,0
133954,37670,18,7654,1500,3
96026,25670,19,4310,0,0
28028,0,0,1548,0,0
115215,5824,7,2096,0,0
55843,6000,3,4341,0,0
68456,6317,5,2488,0,0
87402,41685,21,3306,0,0
2502,15500,4,4761,500,1
195754,98535,40,5202,2550,9
1199220,3800,19,8023,3300,18
123313,31595,15,3959,0,0
127693,17383,15,6246,0,0
1010,0,0,1423,0,0
43749,9557,5,4664,0,0
25563,303,8,3511,0,0
11245,0,0,1920,0,0
32742,61857,26,7488,0,0
295638,5422,20,7700,818,2
83590,3708,22,8228,0,0
28049,100,2,1164,0,0
17893,9623,13,3074,0,0
1875,1250,3,6266,0,0
33373,0,0,5427,0,0
707079,57173,40,7523,3450,12
103172,3125,3,2416,0,0
36790,7158,14,6133,0,0
26164,0,0,2566,0,0
166417,28607,11,4357,0,0
119214,19633,23,1041,15533,17
12688,0,0,2993,0,0
16700,1500,5,1269,0,0
75971,34339,14,6869,0,0
127835,52700,21,2301,0,0
49151,12931,38,1423,0,0
14614,2275,3,4567,0,0
48852,1058,3,2278,0,0
10069,200,1,4933,0,0
36953,25598,16,2997,0,0
38224,2587,10,4824,0,0
18661,0,0,6352,0,0
7545,616,6,4587,0,0
229744,68754,35,7467,550,2
44764,5539,6,2081,0,0
29150,13952,14,2544,0,0
55381,0,0,3600,0,0
36033,36033,13,4079,0,0
208804,56204,31,4429,500,1
57927,1500,3,5149,1500,3
42351,28959,14,5594,0,0
204582,4671,14,7498,0,0
9175,4000,25,1428,0,0
375927,18202,30,5652,1100,3
38591,11039,18,3488,0,0
114037,14000,7,3201,500,1
292023,14125,12,3683,3250,7
27204,7627,16,1968,0,0
23696,5577,10,5531,0,0
97510,71609,51,1665,7650,26
184301,6454,13,4010,3954,12
20352,1900,5,2658,500,1
264735,6980,17,2894,0,0
69884,89360,24,1990,450,2
42042,9846,14,1606,0,0
62705,2750,15,1422,0,0
78028,36269,24,8289,0,0
65263,22500,4,3844,0,0
382546,136619,34,8228,3000,6
9375,3250,19,1410,0,0
47905,14575,16,4245,2000,4
75949,952,4,2195,0,0
19881,2472,15,2186,0,0
100069,18745,13,3454,0,0
9520,12515,13,2438,0,0
78462,20291,14,2311,0,0
56395,72905,24,2344,1800,4
76513,45265,16,3235,0,0
143200,79837,28,6667,50,1
23553,1587,4,6295,487,2
21689,0,0,6570,0,0
10915,5455,15,2473,0,0
105579,16332,12,2830,0,0
20335,5115,2,768,0,0
12602,5632,5,158,500,1
6250,2250,11,1365,0,0
44038,21634,11,872,0,0
18068,0,0,5174,0,0
212976,19926,12,7624,0,0
95728,56111,14,1372,0,0
6663,1125,7,7575,750,4
17377,500,1,2010,0,0
28493,21845,22,3932,300,1
49271,20695,11,852,0,0
16999,140,1,8296,0,0
106773,12900,10,8289,1400,8
65508,14000,7,6015,2500,5
26693,22057,14,1863,0,0
37550,0,0,2579,0,0
192889,10500,5,4096,0,0
50212,1507,7,1801,500,1
131528,10365,17,6227,500,1
51367,40004,24,2434,0,0
4460,4741,14,3113,1816,1
6350,0,0,3657,0,0
22461,150,1,2223,150,1
20844,20844,10,4474,0,0
41133,635,3,4419,0,0
45005,0,0,2934,0,0
242062,5125,18,2150,0,0
118940,36001,17,7484,150,1
25210,14500,5,2138,500,1
67612,0,0,4442,0,0
60250,43071,12,2214,0,0
93700,58745,14,4827,0,0
9620,500,1,1523,0,0
37514,35874,31,4537,500,1
1650,1250,3,5554,250,1
65340,33795,11,3775,500,1
59895,10500,4,3497,0,0
11548,1634,7,3837,0,0
50675,1100,2,6282,100,1
3734,61096,18,6760,150,2
19896,9866,11,4602,0,0
62124,0,0,2355,0,0
18272,2920,5,3405,0,0
2176,0,0,7847,0,0
114376,33949,15,5009,0,0
217846,49198,20,7215,0,0
58452,0,0,8296,0,0
62396,1250,3,8075,0,0
8063,18250,5,1950,0,0
149678,0,0,7022,0,0
141813,39743,14,7254,0,0
32563,4200,3,4282,200,1
23551,2375,12,4663,0,0
21787,1500,5,1704,0,0
30554,38243,25,5324,0,0
19032,2375,12,6169,0,0
2000,0,0,3188,0,0
232171,22258,30,6340,650,2
208519,4040,6,6627,450,2
35203,1800,16,3832,1800,16
33413,31605,8,647,0,0
20529,0,0,2644,0,0
12906,0,0,4124,0,0
15349,250,2,6457,0,0
20508,22250,8,6794,1250,5
99226,5796,12,1811,0,0
41279,8682,14,2241,0,0
74073,45526,41,2976,200,1
91237,78864,26,4321,0,0
64538,0,0,6123,0,0
1866,1128,8,1782,0,0
241165,1700,3,3000,200,2
771,40256,4,4203,0,0
111157,32883,19,7771,0,0
135828,34495,28,2142,450,2
35969,11665,21,6977,0,0
16341,0,0,3190,0,0
149959,85844,51,5986,1400,4
74342,4389,12,8228,0,0
45575,23223,17,2964,0,0
11875,3625,22,1388,0,0
80612,32334,20,5839,0,0
60331,17878,27,3036,0,0
63364,15415,11,2560,0,0
14457,1875,8,2409,0,0
161813,126941,20,7026,0,0
58898,23050,15,4328,50,1
58139,38408,16,7227,150,1
45766,4550,11,5002,1300,7
72623,0,0,4957,0,0
96988,7761,14,5715,0,0
12766,1900,4,4072,400,2
41648,32117,35,5408,2200,5
5625,2350,12,1270,0,0
37171,3450,5,1341,950,4
21216,7787,12,3378,0,0
16984,10334,15,4884,0,0
88122,19408,13,5174,0,0
6803,1644,11,1296,0,0
74777,20630,8,5384,0,0
11133,0,0,3147,0,0
236274,61515,12,7375,0,0
194604,6606,10,6190,0,0
32125,1010,4,1795,500,2
25463,7973,14,5813,0,0
8927,0,0,8296,0,0
73597,25447,8,1402,0,0
54039,5250,22,1709,1250,10
22457,17579,15,2858,0,0
95989,92159,30,7518,1329,4
45613,29117,16,4625,350,1
11355,135,3,3916,0,0
33020,6155,25,5322,1500,3
35493,0,0,1602,0,0
144171,33200,15,6073,0,0
96031,46588,21,8289,0,0
120447,53804,15,4840,350,1
67770,23960,15,5539,0,0
3258,0,0,106,0,0
17191,2484,6,922,2484,6
81952,64754,22,5427,0,0
44760,3105,6,5455,100,2
440265,22750,15,6234,1250,10
245758,2750,4,6179,750,2
99405,14150,11,5400,2150,9
24917,3948,14,1457,0,0
16883,4398,12,1626,500,2
7291,0,0,4104,0,0
23786,16950,4,5364,0,0
14732,100,1,8289,0,0
21839,853,3,3638,119,1
6240,0,0,1679,0,0
121156,12245,6,1538,1000,2
7490,0,0,3042,0,0
110980,12900,8,4853,950,4
68180,2044,9,3550,0,0
91974,19223,18,6372,500,1
63547,31745,14,5748,0,0
293648,22148,15,6161,0,0
128456,70125,28,3764,0,0
26421,1250,3,4593,0,0
43310,11943,14,1804,0,0
170309,66546,20,5009,4130,4
104052,6016,12,4331,0,0
31899,29816,20,1804,500,1
120073,12423,29,7276,0,0
6551,300,3,1117,300,3
38822,2000,9,5304,0,0
1456,500,1,1130,0,0
168778,57060,20,3326,500,1
35801,3337,13,3743,0,0
24917,16239,13,5857,150,1
33383,0,0,4163,0,0
43510,4850,6,3328,350,2
45830,23404,10,6459,0,0
66590,1300,13,1975,0,0
30546,11304,14,3900,0,0
16583,2625,7,7682,0,0
145723,59858,16,8296,0,0
67070,34600,27,2416,2100,10
26325,14559,20,5521,1310,2
42438,519,10,5349,0,0
161321,59645,21,5147,0,0
15088,5625,15,6177,0,0
18402,0,0,3746,0,0
65664,11899,5,1121,0,0
368535,146201,21,4210,2600,6
14739,1800,4,5332,800,3
3789,181,3,4756,0,0
120941,42301,21,7588,0,0
7658,300,1,3231,0,0
17470,4100,9,4691,2500,5
110247,13690,16,5272,0,0
283670,39260,39,3972,200,1
13271,0,0,1435,0,0
1021,100,1,3553,0,0
124775,11564,8,4847,700,2
46378,2358,5,1766,2358,5
1125,0,0,898,0,0
6000,0,0,5286,0,0
25080,2060,12,3795,0,0
22455,38814,17,4175,0,0
53543,21183,11,1149,563,2
15610,0,0,3508,0,0
7400,2600,14,1394,0,0
103888,4379,3,2238,4379,3
54189,8940,17,4791,0,0
63437,7160,15,4595,0,0
252741,29296,19,4189,635,3
66956,4520,5,1342,1508,1
9126,1202,13,4554,350,1
68891,37257,14,5178,500,1
40675,1413,9,2895,0,0
21933,27166,15,4974,550,1
56174,6589,15,1768,0,0
1439,80,2,2684,0,0
48877,11761,35,5371,371,2
40425,3300,8,1753,1700,5
29861,28190,15,6407,0,0
24868,205,5,6689,0,0
25541,660,3,4520,0,0
88192,47848,22,4784,500,1
71263,80554,41,2987,0,0
109505,15766,23,1867,0,0
27712,750,2,3491,750,2
33466,355,3,3592,0,0
150972,2700,3,3645,700,2
5000,2125,3,1412,0,0
86638,45861,13,2867,0,0
12612,0,0,4170,0,0
54392,0,0,5807,0,0
94544,111827,8,4105,350,1
1836,850,4,5329,350,3
27981,63004,17,2921,0,0
25544,3271,7,4580,0,0
15378,25236,9,2741,736,3
17539,500,3,628,400,2
7061,7100,12,7218,0,0
71076,10000,1,4820,0,0
17778,0,0,5897,0,0
10179,5321,15,4989,0,0
190542,8487,9,7267,0,0
28086,7368,12,7549,0,0
45412,1100,3,5163,1100,3
163083,3825,9,6428,450,4
62895,8500,4,5520,0,0
4652,0,0,207,0,0
162369,41359,15,4113,500,1
11700,0,0,2585,0,0
118531,44577,38,6868,0,0
226941,44771,17,4099,0,0
22093,14857,11,2587,200,1
81055,14344,14,4610,0,0
36736,0,0,4134,0,0
34996,6313,14,2909,150,1
126167,190160,15,1612,0,0
50386,2750,8,1721,0,0
13899,5125,31,1705,0,0
15135,13357,14,2579,0,0
80988,4413,5,4707,0,0
163976,39098,18,4922,2594,4
127768,65264,21,5064,250,1
14525,4625,28,5317,0,0
31311,3961,10,6494,0,0
87938,11268,2,7085,0,0
73852,0,0,4252,0,0
18924,4000,18,5168,0,0
183370,30988,14,4848,12988,9
147472,20645,16,6163,0,0
35323,1875,8,3553,0,0
2131,405,3,1480,0,0
109380,7537,16,7749,0,0
26129,20265,17,3629,0,0
20726,1375,4,7924,0,0
11925,400,4,4015,400,4
282784,19314,17,2460,3100,7
24394,3250,3,5713,250,1
3962,292,8,4027,0,0
11181,929,12,1407,0,0
5199,28100,16,2592,0,0
276607,11430,14,4791,6430,11
29291,31357,32,1391,1950,6
25333,11229,16,6099,300,2
57474,5535,7,4364,0,0
59839,26962,18,3404,0,0
70133,7396,16,6392,0,0
28621,13878,20,7479,1400,10
44247,40939,26,6184,0,0
47958,0,0,7130,0,0
28931,6500,4,6354,500,1
51730,2875,16,3264,0,0
27155,47252,15,3001,300,1
23552,36165,11,4300,0,0
168246,4600,4,4103,100,2
82655,101101,19,8057,700,2
51176,40397,16,2243,0,0
84856,6894,13,5547,0,0
77965,41126,33,3120,2683,7
34204,16862,9,3596,1700,5
4224,0,0,336,0,0
32141,3500,14,5768,0,0
11593,9055,16,3558,0,0
132256,15040,24,5988,899,3
57346,7946,6,492,5446,5
329,23492,14,4868,0,0
36844,21715,16,3161,0,0
26650,4652,11,1958,4652,11
25089,40763,19,5259,550,2
95982,3630,3,2623,0,0
112501,19140,11,7101,0,0
27989,25369,16,4981,2729,2
126555,41253,19,6280,0,0
18260,500,1,2780,0,0
51172,500,4,1939,0,0
62998,11326,24,7253,0,0
19348,17059,19,6022,0,0
326704,37408,19,2962,0,0
16992,0,0,5582,0,0
374613,23592,31,3463,5000,14
278437,50888,26,4744,0,0
29005,90,3,3060,0,0
16065,0,0,4456,0,0
13936,1625,6,1418,0,0
166199,10550,5,1851,50,1
8320,0,0,5164,0,0
158483,9018,11,8289,0,0
20537,44791,21,1569,2612,4
34854,750,5,6063,650,4
22998,0,0,1644,0,0
4600,140,1,5959,0,0
113683,11821,12,5773,0,0
4838,23592,16,5024,500,1
16569,3204,8,2120,0,0
20353,1729,5,2298,0,0
247743,51296,20,5087,500,1
17397,1750,7,1215,0,0
9673,0,0,2501,0,0
62569,33765,19,4888,50,1
52718,11540,11,1755,0,0
53914,33767,45,6826,5550,29
76595,10577,2,1515,9577,1
40757,14002,11,5912,0,0
135168,29156,16,6002,300,2
323459,12000,8,6378,1500,3
142810,8000,4,3049,0,0
45950,38921,22,4302,750,2
25992,24333,10,1678,0,0
13040,500,1,3972,0,0
112891,500,1,3909,500,1
266200,5000,1,5583,0,0
10845,0,0,1621,0,0
13046,0,0,4597,0,0
20789,0,0,4279,0,0
2344,1478,10,4481,0,0
33010,0,0,3915,0,0
11512,3667,14,4460,0,0
135568,40051,21,3166,0,0
34327,0,0,6745,0,0
40284,7719,5,6827,0,0
235422,30208,14,2629,0,0
4546,1000,1,239,0,0
20417,5000,1,3013,0,0
96827,12100,19,5801,8100,17
88177,53468,19,5080,400,1
2622,1625,6,1404,0,0
119082,4230,17,6340,3600,14
5393,0,0,4517,0,0
39728,16359,11,1860,0,0
144570,49052,15,5617,0,0
340874,68090,43,6305,5676,27
80272,34744,14,3728,550,2
75279,5375,21,2459,0,0
19694,2125,10,1436,0,0
40567,18122,16,6268,0,0
72325,56792,16,5731,0,0
87293,21584,17,7406,1050,2
1227,0,0,5786,0,0
22652,57642,14,7271,0,0
241918,40945,13,5379,0,0
346178,63803,16,6645,0,0
131554,64937,15,5428,0,0
63587,500,1,6184,500,1
82114,58335,15,5658,0,0
4096,3802,8,2433,0,0
46706,3344,16,2609,0,0
294881,84800,20,7279,0,0
11820,2045,5,6227,0,0
36491,500,1,1027,500,1
17376,4920,11,2265,0,0
35065,5400,5,7311,1400,3
402874,74800,15,7582,0,0
59704,57404,14,2440,0,0
2039,0,0,2451,0,0
8992,9113,11,2145,0,0
76702,21568,17,6025,0,0
0,5491,18,3204,2116,5
23846,9177,6,2678,0,0
53983,24862,13,3512,0,0
82380,2601,13,5071,0,0
85696,18603,14,1591,0,0
22412,11654,12,4460,0,0
22548,3225,9,3852,0,0
139882,47089,15,4859,0,0
174743,27460,12,2326,0,0
59650,5050,16,1476,3950,13
108341,19670,21,7488,0,0
51304,11611,40,4708,10075,36
36294,0,0,3956,0,0
28484,350,3,2782,0,0
92336,11214,6,6884,0,0
60864,23364,19,4436,50,1
6835,765,3,596,0,0
3977,0,0,3593,0,0
57909,5150,4,6323,0,0
126148,6273,8,6435,0,0
37911,2250,11,4385,0,0
45006,1400,6,925,300,4
100634,69669,28,4193,1540,12
60349,10350,18,3468,0,0
26080,9872,13,8228,0,0
16504,500,4,1397,0,0
21747,0,0,5638,0,0
46349,33923,20,4856,1100,2
28205,101685,16,5267,0,0
4087,500,4,4684,0,0
62023,750,4,3819,550,1
278457,57313,27,7101,1000,2
28335,400,3,2161,0,0
44307,7944,8,6060,0,0
22424,648,2,3951,0,0
45494,5021,16,8228,600,2
69788,1500,3,2705,1500,3
23173,7843,8,2565,0,0
16420,0,0,6942,0,0
38312,37419,14,5980,0,0
65458,28356,24,3382,1100,3
68532,68704,21,2822,0,0
14426,0,0,4096,0,0
1022,0,0,277,0,0
72085,20310,12,2462,150,1
39207,965,3,3757,0,0
142175,37461,22,6732,0,0
10152,0,0,6010,0,0
8273,0,0,1474,0,0
13375,15732,43,5916,9200,28
105166,37663,22,7120,0,0
383030,8001,25,7326,3226,15
66875,3206,17,4308,0,0
87553,15681,14,4547,0,0
156219,55874,24,5015,0,0
20518,5580,10,2600,0,0
55703,0,0,6520,0,0
29182,50698,14,2999,0,0
31673,2500,1,283,0,0
43326,1100,7,5776,1100,7
42639,7366,12,4181,0,0
17739,437,4,5941,0,0
61081,37682,21,2509,2000,4
93198,28923,18,500,0,0
188759,3082,3,2817,0,0
108950,3300,9,5259,3300,9
19998,4309,13,4995,0,0
218207,8500,4,6114,0,0
258422,48708,17,5657,0,0
80737,2845,5,3028,150,1
12375,3875,24,863,0,0
101290,33876,22,2291,500,1
48127,41447,28,6421,0,0
73501,21014,26,1720,3694,8
23720,4000,3,1678,500,1
11255,0,0,6428,0,0
49436,33836,13,2167,0,0
150698,43589,20,6193,1200,4
61598,0,0,6311,0,0
41275,0,0,2035,0,0
97486,22707,15,6387,0,0
456509,500,1,4201,500,1
22372,14766,12,4950,0,0
14414,0,0,7024,0,0
93743,1210,7,4676,650,5
61405,32316,20,4828,1350,8
5000,5000,1,2893,0,0
106378,56007,14,3607,0,0
910,5172,13,6662,0,0
121395,4970,8,6889,650,2
21083,129330,16,8296,1000,2
49991,44146,27,4803,2510,4
198859,17855,14,8296,500,1
17334,6783,27,6318,50,1
58970,13467,18,3946,0,0
86588,4537,4,1072,0,0
29196,7011,15,2082,0,0
18328,0,0,6790,0,0
15129,0,0,8296,0,0
10959,500,1,3469,0,0
36513,825,3,1611,725,2
111041,10252,12,3875,0,0
4399,750,6,1369,0,0
29244,6252,13,2650,0,0
7371,1375,4,4505,0,0
6338,0,0,322,0,0
8516,0,0,5566,0,0
77814,43914,17,4587,0,0
39628,0,0,6711,0,0
14988,2100,10,6203,0,0
18351,0,0,4744,0,0
80250,895,2,6833,0,0
127199,2563,14,2917,0,0
26862,15510,15,4965,0,0
17500,0,0,6400,0,0
21461,40806,28,6011,0,0
207545,11137,34,8105,4387,12
18735,4100,19,1913,0,0
1125076,23046,14,8107,0,0
35356,18520,15,3637,300,1
133052,17424,15,5843,0,0
84409,15436,16,7766,1150,4
49560,0,0,2770,0,0
11648,475,4,5318,0,0
8684,0,0,544,0,0
13812,15149,39,7110,0,0
16825,4250,27,1431,0,0
111064,12700,7,4547,2700,6
257068,5900,4,6420,400,1
25788,4650,13,3687,4650,13
46272,5720,10,5092,800,3
109532,128048,53,6372,7939,26
21915,7000,33,4289,0,0
11552,0,0,481,0,0
26605,3704,11,3543,0,0
49588,4960,14,3299,100,1
48433,3500,4,6807,500,1
11572,7164,22,1163,0,0
25090,25860,9,1786,0,0
24038,6290,14,8289,0,0
104442,38180,23,5029,1450,5
40808,38612,27,4490,400,2
71794,6000,3,1453,0,0
118934,66222,37,7354,2250,17
74280,23735,18,1425,0,0
49331,23572,12,4888,100,1
42071,500,1,502,0,0
202168,12463,18,2098,0,0
29346,150,1,2773,150,1
176982,2299,9,5234,0,0
170049,10232,16,5770,750,2
1701,10,1,4260,0,0
72497,24279,13,2161,0,0
507371,51765,18,4770,450,1
101901,17898,22,4433,100,1
30902,4175,12,3384,50,1
103891,140573,21,5699,1150,3
1612,955,9,8296,0,0
19634,0,0,4198,0,0
29506,4826,16,4993,500,2
194875,7550,6,3831,1050,3
23984,2737,14,4905,0,0
16875,500,1,1838,0,0
6978,610,3,4349,0,0
10000,3375,19,1418,0,0
115197,17638,24,4820,0,0
72019,20430,8,1789,0,0
18111,4625,26,6463,0,0
12176,875,7,2268,0,0
89480,2946,4,5902,1946,3
121639,67286,7,7288,0,0
34546,1500,2,5612,0,0
94201,21559,13,1716,0,0
10740,0,0,4926,0,0
12950,12798,18,3432,195,1
377252,230629,30,6996,6393,13
13290,3175,5,4679,0,0
48721,18781,12,4672,300,3
10824,3375,19,867,0,0
19823,1095,3,6730,335,1
47787,47223,21,2921,450,1
38918,6505,29,4442,618,2
132871,300,3,1719,200,2
109268,7401,17,4034,750,1
215155,57130,15,3069,0,0
63193,20372,14,3036,100,1
70565,25261,15,5499,750,2
37348,0,0,7472,0,0
16103,10819,13,5427,0,0
65904,47224,35,3655,5350,18
32091,8426,17,1731,1000,2
17079,4000,3,1605,0,0
36829,42497,19,1015,1001,1
23257,0,0,361,0,0
146173,13871,17,4414,0,0
119977,9275,16,7226,1400,4
292533,64186,15,6095,1000,2
27310,15537,16,3623,500,1
12263,325,1,3224,325,1
34862,2725,5,3004,0,0
259582,3833,21,4638,1762,9
298121,60808,20,7640,500,1
400,160,1,3460,0,0
60170,17235,14,5351,0,0
55778,6500,12,3704,500,1
65926,11639,17,3362,0,0
620498,25395,53,8296,1750,14
59874,0,0,3986,0,0
39503,16671,18,4884,2339,2
4750,1875,8,1416,0,0
113731,1700,5,4482,700,4
128213,7956,13,2522,500,1
97349,42774,14,6128,0,0
110839,17550,24,2272,7550,23
141491,63060,6,5827,0,0
92492,11029,6,2839,0,0
131755,37299,16,3952,0,0
288379,15942,8,4741,1442,5
51680,54926,65,2112,3088,8
9157,22802,10,901,1245,3
6125,2750,8,144,0,0
18932,24660,22,6091,0,0
13301,3500,21,1400,0,0
42481,24617,16,678,0,0
164307,21704,14,4023,0,0
60856,17332,8,2076,0,0
34894,13955,17,2447,0,0
10710,1000,1,3460,0,0
194816,20822,25,2424,6647,12
706,730,3,1739,100,1
1022,0,0,463,0,0
19382,195,2,2545,0,0
16136,0,0,1177,0,0
12184,1160,3,3939,0,0
20971,43527,34,1695,0,0
34535,2719,12,1358,0,0
19578,5208,11,1632,0,0
80214,500,1,7029,500,1
1837,1000,1,219,0,0
642,0,0,355,0,0
25125,1875,8,5147,0,0
217130,51202,20,5745,0,0
1258,475,4,6134,0,0
76118,79154,41,3621,1992,2
43686,4039,12,4328,0,0
74651,10893,22,3456,0,0
50230,4149,9,3727,800,4
31572,0,0,4299,0,0
58778,28325,13,4919,0,0
19787,2016,9,4258,500,1
54337,2131,9,5976,230,1
24407,923,10,3910,0,0
21461,4010,26,1509,0,0
16866,0,0,5072,0,0
25268,4566,8,2126,800,3
105683,28386,17,6361,0,0
25807,550,3,1838,550,3
238446,37766,28,890,1550,11
65519,0,0,4150,0,0
12024,0,0,5119,0,0
32824,1660,5,2339,100,1
137908,57713,19,7250,0,0
126490,8808,15,1566,5183,12
89999,11694,13,7530,0,0
4000,0,0,3453,0,0
91755,5026,8,2676,751,3
148318,51197,22,6648,350,2
26077,6768,4,3487,0,0
12742,0,0,7966,0,0
22963,0,0,2998,0,0
2692,800,4,2447,50,1
156853,37625,14,4510,0,0
76938,23503,13,2422,0,0
54177,45403,15,2123,500,1
84979,36702,16,1600,0,0
31520,130,2,2858,0,0
6458,0,0,8296,0,0
8740,1250,3,5395,0,0
5580,60,2,4533,0,0
84305,78931,15,4734,0,0
57587,2620,6,5799,0,0
43348,68846,25,2869,200,1
90307,3150,3,4664,650,2
87474,4581,15,7634,0,0
15275,75,2,2761,0,0
105957,4881,12,3859,0,0
15835,112171,16,5825,0,0
176090,5300,9,7344,2200,6
59913,2210,5,3481,150,1
68666,350,2,7861,350,2
8250,3000,17,915,0,0
13381,1000,8,8289,0,0
19640,935,3,1451,0,0
149305,49893,19,4030,0,0
8647,0,0,4036,0,0
40576,0,0,5118,0,0
312512,100,1,7078,100,1
31789,10220,17,2699,0,0
44792,9463,16,2430,0,0
164178,35314,23,4883,1100,3
7500,2950,8,1668,2850,7
451294,45907,22,3347,500,1
16090,850,6,2592,850,6
12824,500,4,1677,0,0
183303,11500,3,3281,500,1
114719,0,0,1136,0,0
135374,23835,22,2294,917,2
9446,0,0,667,0,0
39715,17388,12,2826,0,0
140914,0,0,1791,0,0
58421,1000,1,6532,0,0
143481,45891,15,7437,0,0
31593,3128,12,5846,0,0
24765,19969,5,595,0,0
25766,2548,16,2973,100,2
49807,6393,20,3718,0,0
162840,57382,15,2277,0,0
24580,255,3,1926,0,0
86500,51740,20,1691,0,0
131618,46473,16,4274,0,0
15243,675,3,1944,0,0
23894,6000,3,2705,0,0
46967,2000,9,2888,0,0
110277,37110,18,6445,1500,3
13144,18615,18,6196,0,0
88449,11402,18,8296,1450,5
100992,8144,16,5422,409,2
84179,22397,19,1976,0,0
194111,12350,30,1777,2750,15
61191,8502,17,2112,0,0
197328,60447,12,7092,0,0
54899,500,1,1401,500,1
255797,62107,16,5832,0,0
121390,8500,4,3342,0,0
39985,15103,21,5794,0,0
8060,1750,4,1534,0,0
98343,31961,16,4971,0,0
17769,5165,10,1807,0,0
52980,17078,14,8237,0,0
98608,969,12,4663,0,0
28443,53065,18,2462,150,1
7329,10639,16,2993,0,0
12096,50,1,2607,50,1
16618,897,5,3620,0,0
58538,48670,19,4352,500,2
65812,185,2,2854,0,0
53040,3960,9,1595,0,0
726,0,0,4268,0,0
13033,1625,6,4334,0,0
55472,17848,18,3566,3763,3
36311,100,1,1766,100,1
16230,486,2,7477,0,0
23193,650,4,7861,550,3
61455,28765,17,7183,0,0
56017,3905,6,4086,1668,1
120945,4300,4,5871,300,2
16152,6129,19,1635,500,5
73027,34002,19,4063,0,0
10630,550,6,1670,0,0
50783,11595,15,2060,0,0
139849,19946,15,8228,0,0
56745,6000,3,3280,0,0
56480,35841,31,5401,500,1
64924,14971,13,1989,0,0
38718,0,0,7314,0,0
25753,3400,21,1614,0,0
67495,8620,8,1302,0,0
94875,58314,25,4736,800,7
22805,26334,27,3294,1800,6
45340,14063,16,4660,500,1
187462,10500,5,3953,500,4
9793,3100,2,5755,0,0
8913,2050,10,3630,50,1
117329,6448,11,7416,0,0
25341,38,4,3995,0,0
189235,20487,20,5282,0,0
26069,0,0,1278,0,0
190208,37122,38,5091,1800,6
72962,28055,16,3869,0,0
68012,247,3,3342,0,0
16188,3726,7,900,300,4
36079,22506,22,5323,150,1
64153,23563,19,3575,0,0
55997,68320,23,5899,0,0
14528,6000,7,8289,3000,6
95925,7337,22,4625,350,2
90855,23992,13,5919,0,0
276,2396,3,3042,396,1
55152,14630,14,1662,0,0
102230,3406,5,2620,500,1
44824,21107,19,5916,2000,4
430,220,1,2196,0,0
50895,29618,15,2980,0,0
25748,0,0,2566,0,0
139664,63706,14,5505,0,0
8910,150,1,6413,150,1
32356,22918,19,6571,0,0
119239,36362,15,7467,250,1
23781,50,1,3085,50,1
23448,36941,18,2675,700,3
5400,1875,8,1324,0,0
10302,30298,19,7591,0,0
36935,34448,17,5766,0,0
27592,335,3,2633,0,0
967,980,2,5716,0,0
47780,88773,20,6329,250,2
4431,0,0,1582,0,0
6158,27754,14,5546,0,0
133264,74067,21,5926,0,0
70877,8956,15,5696,0,0
17681,500,1,2059,0,0
16346,5930,15,2108,0,0
286101,72965,31,4666,3000,11
39233,27545,13,5920,0,0
8964,0,0,594,0,0
28138,6330,29,3847,0,0
95595,12060,14,5877,0,0
5154,54657,28,3769,0,0
156544,46593,13,4225,0,0
43954,63463,13,8228,250,1
49454,9548,22,6501,250,1
96387,43512,20,6065,0,0
22380,300,2,7010,200,1
88093,15518,13,4660,343,1
117852,11406,21,6186,3850,13
20342,3291,9,5829,0,0
23294,420,4,2228,0,0
179251,14775,16,5629,200,2
66456,3500,4,4679,1000,2
59546,20730,4,6135,0,0
19244,215,2,6968,0,0
41073,13993,20,2493,0,0
26504,10599,29,1445,1000,7
59696,63827,22,2654,500,1
97763,2000,9,8296,0,0
642,642,3,170,0,0
27320,0,0,1725,0,0
3126,100,1,1634,0,0
20882,1000,1,328,0,0
27604,1570,6,1555,0,0
132894,34540,15,3106,0,0
19132,9124,17,3915,0,0
6206,375,3,4107,0,0
136664,36024,15,6086,0,0
13781,48914,19,6269,500,1
2875,1375,4,1381,0,0
51142,5000,3,1874,0,0
40424,44110,26,1523,343,3
54889,13150,4,6438,0,0
59515,3170,5,2705,0,0
37358,50488,19,3967,0,0
55591,8817,13,3693,0,0
63190,18950,13,3041,250,1
79020,3422,10,2179,0,0
48265,1000,1,2951,0,0
11947,8099,14,1656,1000,2
5360,0,0,4392,0,0
11457,705,3,3767,0,0
36219,4044,10,4595,0,0
30130,9192,15,4993,0,0
37381,6091,16,6332,0,0
35433,1600,3,4113,0,0
114949,87136,24,4294,600,2
55237,5547,14,6358,0,0
77102,13175,20,5581,1850,6
1452,2375,5,3396,0,0
33835,2280,7,5771,1000,2
32522,5971,4,4042,471,2
29326,23061,7,2497,0,0
20713,13421,12,2104,400,1
12250,4875,32,1346,0,0
49874,7200,9,3817,1700,4
61919,39163,14,5157,350,1
72297,16241,16,1587,0,0
46876,9680,7,3498,0,0
12532,2069,9,1445,0,0
25730,1431,3,630,931,2
9500,3125,18,1415,0,0
14155,3250,19,4134,0,0
19128,10595,27,1919,0,0
51843,40997,17,5859,0,0
81155,49904,41,1276,0,0
96627,49059,26,6738,2300,9
9634,9634,5,2146,0,0
17810,1375,4,4294,0,0
145750,10986,12,2531,0,0
71235,41004,14,6535,0,0
6112,0,0,6709,0,0
23179,0,0,2794,0,0
34855,230,3,2882,0,0
16928,1000,1,7173,0,0
25485,9655,10,2798,2800,8
19960,0,0,4896,0,0
96477,2987,13,6221,0,0
98151,38812,11,1976,500,1
33443,0,0,6476,0,0
28745,10375,43,1323,0,0
48970,30872,14,3817,0,0
37215,8199,8,5637,0,0
111072,50533,19,5541,350,1
24838,500,1,1684,0,0
44873,38740,18,7267,850,2
142729,0,0,1823,0,0
75132,53001,23,2720,400,3
23099,300,3,2292,300,3
31769,450,2,6707,450,2
28254,17117,19,2692,1050,6
4676,0,0,141,0,0
5375,2000,9,4509,0,0
34235,18910,7,1415,250,1
90666,32474,14,1582,0,0
468,26650,14,5708,550,3
40264,19137,13,4684,0,0
42044,11433,10,6140,0,0
50987,0,0,2259,0,0
7800,200,1,5787,0,0
66009,0,0,1603,0,0
62335,500,1,2147,0,0
29657,8092,4,1592,0,0
39079,3070,5,4750,0,0
4057,23050,11,1135,2550,7
135408,62224,15,2697,607,1
52885,1600,6,3020,100,1
103203,3200,4,1556,200,2
6286,230,3,1788,0,0
231437,31266,26,6340,1550,4
3750,1500,5,1397,0,0
212029,43162,19,3518,0,0
8962,0,0,4198,0,0
20691,16448,6,1227,0,0
223670,32709,13,4230,2227,4
34956,0,0,7172,0,0
101397,19173,12,5847,0,0
3294,1330,2,6498,0,0
40702,39897,14,2826,0,0
6058,0,0,1608,0,0
500,0,0,340,0,0
11472,9068,14,3290,0,0
2900,2900,29,1804,2900,29
89668,29130,14,6350,0,0
1000,0,0,1597,0,0
18433,3174,9,3930,0,0
40252,1375,4,2565,0,0
20900,1000,1,3685,0,0
5594,370,1,5835,0,0
138020,6568,15,7024,0,0
56461,40190,14,4359,0,0
72253,29227,16,1752,0,0
8009,8102,12,3279,2850,6
41556,26682,4,2131,0,0
307260,40533,24,4791,250,1
21784,6208,14,2483,0,0
355423,20500,20,3963,100,1
66539,27894,17,2741,0,0
739476,24215,8,5678,322,1
38465,10550,3,1580,550,2
46578,8322,12,4645,0,0
60076,45582,9,3935,0,0
17964,5030,23,3783,0,0
58620,2125,10,6051,0,0
197673,48932,15,4775,0,0
1446,0,0,99,0,0
126947,2350,2,5167,350,1
16714,0,0,6214,0,0
50674,22073,12,1615,0,0
30892,11474,11,5283,0,0
278258,1000,1,2298,0,0
35216,9959,14,4481,0,0
58628,22581,13,5471,0,0
44324,650,4,1583,650,4
77709,36028,19,5253,100,2
55487,23123,19,1986,1150,5
75027,1390,3,6067,500,1
10097,2700,1,7498,2700,1
106155,0,0,2657,0,0
10000,790,3,3564,0,0
81171,3700,4,2348,100,1
61617,23495,13,3972,0,0
7210,2402,13,5449,0,0
25829,1375,4,2444,0,0
53027,30627,16,1290,0,0
41152,3250,19,2669,0,0
34182,0,0,3967,0,0
10839,190,1,2341,190,1
891,891,8,1703,0,0
29632,0,0,4898,0,0
104670,3993,12,2202,0,0
8454,498,9,6821,0,0
132555,24775,31,8289,350,1
40465,6540,28,1408,0,0
82122,700,3,3044,700,3
7422,2229,3,2653,0,0
189252,2991,15,8228,0,0
97193,13338,12,2502,0,0
35820,0,0,7575,0,0
62076,11221,15,4603,1050,2
91939,1244,8,8296,0,0
109625,63372,19,5056,500,1
2843,44130,35,5869,7450,20
78032,24046,23,4862,0,0
52046,1058,8,3456,683,7
27625,27799,16,5772,500,1
15450,50,1,5499,50,1
765738,62133,14,6112,0,0
3420,1750,7,1690,0,0
370941,44615,16,7577,0,0
169139,9500,5,2019,0,0
2198,16070,12,4658,0,0
5970,1000,1,3091,0,0
104824,14582,15,6366,0,0
1923,1170,2,4615,0,0
4500,2250,11,666,0,0
47394,31347,19,5688,2150,5
14072,20700,16,1949,0,0
30973,0,0,6298,0,0
1500,500,4,893,0,0
37039,29976,18,6375,0,0
117543,32355,21,4954,600,2
63362,16331,15,3544,350,1
10424,0,0,1894,0,0
158986,3558,14,3404,0,0
31786,2661,10,5380,0,0
65952,34770,14,4827,0,0
14769,500,1,5639,0,0
40893,1130,3,2518,0,0
44214,24928,13,2259,0,0
53869,6750,26,4940,0,0
224852,7750,32,2102,750,3
310226,61894,28,2900,1700,9
97155,10004,3,5244,0,0
56455,6000,3,4218,0,0
140511,32105,16,5651,0,0
56896,34019,15,3696,0,0
93148,7776,18,4631,0,0
14662,1110,12,6197,0,0
6181,2000,9,2878,0,0
27669,3375,20,4127,0,0
265532,4652,13,4849,0,0
105294,56281,26,2021,850,5
28941,2935,6,4692,0,0
36924,5900,6,6879,300,2
25936,0,0,3495,0,0
237093,42020,15,6240,0,0
42093,1831,4,1526,0,0
10400,1840,10,1397,0,0
24111,9374,16,3802,0,0
12855,0,0,1653,0,0
210491,48287,18,2958,0,0
24784,100,1,3729,0,0
52738,0,0,7498,0,0
33405,1600,3,1808,0,0
152539,65972,14,6187,0,0
24134,1250,3,2390,0,0
244216,39166,14,6214,0,0
23130,5032,10,5500,0,0
122545,269,4,3834,250,1
76177,31922,16,3057,0,0
91296,19057,16,2712,0,0
25898,7834,3,1588,0,0
83848,28202,14,5927,0,0
24406,5005,14,3127,0,0
6020,0,0,4986,0,0
129866,66150,30,5692,0,0
2886,500,1,557,0,0
11690,0,0,360,0,0
5581,0,0,8296,0,0
8819,12472,15,1920,0,0
133351,84215,43,1529,7000,22
8933,8860,14,7533,0,0
56906,2015,13,7707,0,0
33629,4970,10,1500,150,1
16148,2625,14,1529,0,0
6341,3658,12,3706,0,0
8836,4788,6,4544,808,3
26556,2845,14,6339,720,4
3663,894,10,5916,0,0
24295,250,2,621,250,2
24915,265,3,1184,0,0
230715,24047,12,6826,0,0
15472,3500,14,6715,0,0
137843,45416,24,6302,250,1
10756,1375,4,3104,0,0
158895,41954,15,6525,0,0
174910,63960,20,7110,200,1
391222,27471,20,4905,1600,7
75684,27320,9,5316,0,0
70354,120907,22,7290,0,0
132910,75540,46,5856,250,1
36665,3250,19,2951,0,0
105588,22973,3,4805,0,0
28930,8185,17,6630,0,0
4834,13441,17,1851,0,0
22027,1225,3,653,0,0
34072,500,1,3879,0,0
23354,10447,5,6896,0,0
27469,1,3,5461,0,0
39313,24091,16,5706,0,0
38292,12487,13,531,250,2
12078,500,1,983,500,1
84126,5858,11,3159,4358,10
16200,5375,28,1407,0,0
7273,375,3,1517,0,0
18700,870,2,3995,0,0
4779,600,2,4926,0,0
65466,5488,13,6280,0,0
71736,53602,25,5485,50,1
106471,8444,5,6220,100,1
91935,17550,18,4216,0,0
164613,11095,13,7375,0,0
94016,4773,6,3161,0,0
33374,20441,13,6214,0,0
61227,6957,10,5647,0,0
2003,980,2,7274,0,0
63392,20553,17,1087,0,0
38827,0,0,2993,0,0
148915,23522,16,6532,650,2
50658,1600,3,2174,500,1
6914,1500,1,3915,0,0
54264,15178,17,1397,0,0
11816,0,0,1596,0,0
146263,20853,21,7001,350,1
65982,1750,4,5030,750,3
25849,0,0,996,0,0
837979,18372,15,5373,1450,4
20630,2045,4,4643,0,0
15275,2750,8,1694,0,0
66574,2500,6,1791,400,4
29469,2522,4,8228,0,0
48863,71013,18,4925,1050,3
10797,0,0,3581,0,0
13738,6485,18,2042,900,5
21393,5040,2,5262,0,0
12881,500,1,3244,0,0
191583,25675,18,2950,0,0
48433,4300,5,3673,800,3
11143,2800,6,6529,800,5
21676,15392,15,5584,100,1
15279,17984,19,3139,300,1
89840,7048,14,3819,0,0
98722,18012,19,2178,50,1
116288,65073,18,4209,0,0
17489,5565,4,5380,0,0
36290,8600,13,5111,2600,9
61737,6789,12,2921,0,0
28607,5943,5,2895,0,0
58195,24808,13,2838,0,0
153747,58689,15,7409,0,0
238868,20521,16,7220,0,0
160447,8578,25,6716,0,0
3750,1750,7,1178,0,0
24813,4066,10,5225,0,0
8298,20087,15,7498,0,0
118141,46521,11,3259,0,0
475338,39680,22,3355,700,4
13680,0,0,7073,0,0
417875,44472,18,6308,0,0
137778,19557,18,4599,0,0
24660,7206,14,5136,0,0
138999,63738,29,7153,600,4
16685,400,2,1817,0,0
3974,365,3,1397,0,0
199418,25590,39,4548,3199,9
18387,40560,19,3588,800,2
38997,5158,18,2399,0,0
54842,20792,15,8296,0,0
91813,8690,11,3911,2000,4
65969,2550,5,5419,1050,3
17326,0,0,1787,0,0
12120,1000,1,1802,0,0
8000,0,0,941,0,0
33269,4675,10,6396,200,1
52050,43190,14,6245,0,0
25047,500,1,443,500,1
21110,3402,12,4516,0,0
104523,4000,2,2073,0,0
198137,6303,6,7323,500,1
13250,17778,14,3861,0,0
49479,5500,24,4282,100,1
62882,1925,8,7375,0,0
185549,110859,39,6778,2950,16
134601,0,0,7493,0,0
140398,118013,26,2972,1100,4
459681,95531,17,8228,0,0
20665,19947,16,5997,0,0
21582,10811,15,4695,0,0
206648,5132,16,6030,2450,11
74147,8315,16,4064,50,1
12966,15021,16,1553,886,3
126028,23974,19,1716,668,1
18497,14138,12,2643,0,0
197239,53412,25,3914,250,2
53750,23135,14,3736,0,0
12112,0,0,4882,0,0
67753,18303,15,3134,0,0
386061,107813,24,7500,0,0
66681,4478,16,2465,3504,12
19881,800,4,1822,800,4
123759,50572,23,7865,2500,5
14075,4286,15,3513,0,0
20126,78999,28,6506,800,3
92800,62042,23,5358,350,1
35509,14204,13,1486,0,0
69110,18500,19,7598,0,0
192046,54818,52,5829,1200,3
30662,0,0,4996,0,0
121260,18493,18,7808,0,0
218763,11650,6,5975,1150,3
61990,1625,6,6833,0,0
85071,6600,4,2322,0,0
15676,0,0,3178,0,0
280561,12154,13,6337,0,0
58816,4600,5,570,1100,3
98604,17490,15,4919,0,0
22678,2125,7,4068,0,0
16208,0,0,2451,0,0
15339,1375,4,628,0,0
126409,28460,13,6478,0,0
15241,0,0,5840,0,0
25637,445,3,2367,0,0
19020,330,3,4614,0,0
48896,4081,12,4139,3397,10
20126,0,0,6053,0,0
56805,16617,17,2307,0,0
66275,2533,11,6884,150,1
155587,6893,9,5279,0,0
133370,44299,18,7101,0,0
96714,17026,15,2185,0,0
28077,735,6,6575,500,1
28464,5167,16,3344,0,0
122904,37380,21,7956,1300,4
97750,12616,16,4074,600,2
49288,12538,19,5353,600,2
81419,7769,12,6599,350,1
66950,17303,20,5464,2000,8
84148,84148,7,1054,0,0
24310,2815,6,5266,0,0
33017,10333,18,1622,0,0
30530,5590,12,6298,2950,9
105547,24973,26,6415,500,1
92097,20450,8,2825,1850,3
200089,75019,21,3166,300,2
889456,98959,29,6652,850,4
5875,2125,10,997,0,0
35661,600,3,1759,500,2
71593,22666,17,2266,0,0
48944,17988,12,1005,0,0
61474,47717,14,3354,0,0
37948,19213,43,3914,0,0
227776,47286,19,3980,2276,5
20534,589,7,4021,0,0
329497,57264,12,6484,0,0
33918,145,3,3012,0,0
43229,5000,1,2644,0,0
98006,46349,20,7332,2309,3
576,12082,14,4128,0,0
33327,1000,1,5664,0,0
86853,42293,21,6980,500,1
12093,1605,4,1411,0,0
72131,7681,17,2390,0,0
102570,70503,20,4524,0,0
155278,27200,16,4926,0,0
67615,14168,13,6413,0,0
3788,0,0,61,0,0
92551,13755,13,3895,500,1
77225,30646,15,4282,0,0
167670,15907,13,6994,0,0
16200,40455,17,3840,0,0
83082,16207,13,2003,250,1
35895,15720,11,4649,0,0
98753,1475,5,2619,0,0
27590,100,1,3455,0,0
98213,68013,29,5755,0,0
27759,7195,5,499,0,0
33017,1069,7,3814,250,1
11845,625,2,2334,0,0
49737,60922,22,4946,550,2
131621,27846,31,6045,6047,11
18933,0,0,284,0,0
38835,2625,11,3378,500,1
87366,18012,16,4380,0,0
128302,132263,32,4103,400,2
16079,6085,4,1670,0,0
7879,1815,5,1849,0,0
15036,7917,8,1935,0,0
164884,35226,18,5283,1734,2
11310,5021,2,1409,0,0
38763,34652,13,6037,0,0
141594,30565,16,3776,0,0
45542,59012,14,5835,0,0
73008,12930,18,5050,0,0
30556,950,5,4361,550,3
383129,23608,16,8289,500,1
22048,100,1,1702,0,0
34941,23718,16,4755,0,0
15352,1350,4,5359,0,0
74093,20055,37,949,0,0
18177,12040,12,6690,0,0
163530,88987,25,7406,0,0
42584,841,6,3526,0,0
32313,29188,27,5397,0,0
43403,3350,12,3930,3350,12
16733,1000,1,1983,0,0
152426,6000,6,5939,2000,4
4351,0,0,1659,0,0
14134,2125,9,2312,0,0
3129,0,0,2840,0,0
55473,10156,7,1751,0,0
86112,35528,22,8105,0,0
114356,27308,14,7456,0,0
72027,0,0,2386,0,0
29559,28969,16,4236,0,0
10954,2500,1,8095,0,0
68684,5756,13,2892,0,0
40758,3500,4,4299,1000,2
23188,1291,8,1627,0,0
124869,30116,16,5924,0,0
138254,24100,9,5420,0,0
47557,10267,18,7345,200,3
53532,30808,18,2927,0,0
64969,1135,13,4996,0,0
19483,4263,18,3589,0,0
196967,38490,37,4008,9550,20
46535,25891,14,5399,150,1
76659,0,0,4608,0,0
28228,12948,13,5108,300,1
17949,0,0,6312,0,0
33982,68320,17,7255,0,0
58758,6500,38,4974,0,0
130356,150,1,5910,150,1
4236,3000,7,4148,0,0
252520,43392,17,3818,500,1
60109,2300,6,2501,2300,6
8669,11397,16,7486,0,0
30300,2160,7,4002,0,0
179832,18218,20,1569,2500,5
45522,10728,13,3197,0,0
9445,1000,2,3613,1000,2
7011,19791,16,3152,0,0
192334,33950,21,6366,1450,4
268314,29968,14,3869,500,1
71128,17950,17,5162,4450,11
206155,28447,17,3848,0,0
9860,99,1,5055,99,1
69106,17832,10,2007,0,0
9052,280,2,3987,0,0
6112,0,0,5072,0,0
16622,0,0,7229,0,0
33517,1250,2,3978,250,1
327126,97997,25,4440,350,3
18422,3297,13,6653,0,0
1860,65,2,5976,0,0
17088,0,0,3510,0,0
106309,21873,22,5594,1200,4
50500,4765,14,6380,0,0
45533,56208,16,2963,0,0
267640,6000,3,8296,0,0
65141,31463,26,3452,2550,2
136732,87549,20,3252,0,0
43832,0,0,7865,0,0
75303,74990,15,4598,0,0
26055,3320,14,1727,0,0
52987,17510,15,6289,0,0
960,6000,1,1262,0,0
32160,1130,6,3883,250,1
133445,3375,13,6492,0,0
124198,66330,23,7710,4833,10
26220,2775,11,6647,0,0
8719,2000,9,5671,0,0
143441,58475,27,2238,0,0
8885,1500,5,1386,0,0
32214,12717,10,5576,0,0
148,190,2,6507,0,0
67329,6500,3,1696,0,0
388455,114329,26,7164,6078,8
11631,3289,22,1157,0,0
118177,20910,18,4811,402,1
92875,60990,14,7344,0,0
23197,10587,13,1747,150,1
211355,11238,12,2294,0,0
77930,37541,35,5773,3600,18
156885,38601,19,4534,0,0
5274,2074,11,5834,0,0
66411,34826,19,4211,3001,9
16378,0,0,2272,0,0
97424,63796,17,2873,0,0
89222,0,0,1528,0,0
115385,5890,15,4546,1250,7
62492,3725,11,1536,2600,9
47638,0,0,3739,0,0
533120,120983,18,4827,0,0
18369,800,4,2327,700,3
133831,100,1,4588,100,1
66936,3450,5,5147,950,4
26101,3900,15,2222,3900,15
26896,5364,15,3685,0,0
54011,38380,20,6487,5780,4
31669,8384,15,6018,0,0
31588,2947,8,7463,0,0
48775,17494,15,5588,0,0
181019,18415,15,7714,0,0
89430,24314,18,1547,0,0
5354,0,0,32,0,0
30759,510,3,3195,0,0
28670,11727,11,2980,0,0
23120,4231,7,5615,0,0
16125,23288,17,5210,0,0
500,0,0,396,0,0
108616,36476,13,4644,0,0
427528,35098,16,6465,1600,3
9005,520,1,3531,0,0
70312,34678,24,6875,500,1
969559,2500,3,7718,1000,2
4500,2125,10,1271,0,0
89576,20333,15,3099,0,0
3268,52263,32,6120,0,0
59317,4794,3,660,1194,1
93028,40887,22,2507,0,0
313,1600,1,6525,0,0
171946,19198,28,4397,0,0
135567,3650,5,1967,1050,3
609477,21422,22,6820,1200,8
10100,4400,12,1032,2900,9
79192,14404,21,2080,150,1
7843,600,2,3557,600,2
77540,1000,1,7683,0,0
264685,57505,16,4112,0,0
27135,4908,11,3783,0,0
103586,4000,7,2726,3900,6
8327,2900,4,5814,150,1
52953,500,1,8289,0,0
149733,605,3,7323,500,1
52005,11870,15,8228,100,1
66445,22276,13,1975,0,0
147596,19175,19,4076,16675,18
22201,51278,16,3602,350,1
41279,3664,4,4233,3164,3
11680,1460,3,1459,0,0
144848,37056,15,5219,0,0
6517,2025,8,1900,0,0
8184,0,0,2832,0,0
11001,255,5,4315,0,0
54697,1625,6,1809,0,0
49804,0,0,2157,0,0
109441,6500,10,2237,4000,8
11850,4475,29,893,0,0
15920,2500,1,2466,0,0
188184,32170,13,3707,0,0
21736,6672,10,2544,0,0
71930,32774,13,4300,500,1
27904,6622,17,3793,0,0
11866,6139,9,4667,0,0
58411,2500,1,2619,0,0
49353,34656,14,3540,0,0
125948,15155,15,6761,0,0
52819,37535,15,5645,1000,2
48014,0,0,2005,0,0
65460,0,0,2493,0,0
11504,100,1,6675,0,0
3049,0,0,3613,0,0
12568,350,3,1664,0,0
323,0,0,1975,0,0
28338,90,2,1936,0,0
105423,20802,14,7078,0,0
134882,15717,14,1597,0,0
21138,4500,2,6031,0,0
353678,141230,28,8289,1450,5
148691,3000,3,7064,1000,2
76210,37937,29,798,1110,8
23835,0,0,1488,0,0
249,1000,1,5204,0,0
4316,1375,4,1515,0,0
9312,3405,8,1527,250,1
51250,0,0,7283,0,0
70178,61530,12,3306,1300,6
21875,12398,15,3299,0,0
7457,17131,5,2496,0,0
743745,4100,20,8228,2500,18
49777,12241,12,4777,0,0
27905,3794,11,4628,0,0
6854,0,0,7467,0,0
44514,3577,13,2657,0,0
64824,20184,13,6770,0,0
2104,0,0,466,0,0
90526,2000,9,4488,0,0
84700,13544,17,7162,0,0
50939,16453,16,2753,0,0
66122,11756,13,5630,0,0
131960,16081,8,8296,0,0
15719,5740,13,4974,0,0
19002,22675,21,6277,0,0
19516,17696,16,3593,0,0
24277,5330,5,3796,0,0
7056,0,0,1057,0,0
145074,8000,4,6746,0,0
97099,6325,21,8085,1700,5
105544,31001,16,2888,500,1
40902,4850,7,6018,1350,5
16906,2750,15,6017,0,0
39139,710,4,3967,0,0
101772,26480,17,3396,1000,2
20540,5731,15,1970,500,1
44293,21920,21,5913,100,1
74352,17868,15,2188,0,0
9800,10348,34,6651,3000,25
57434,11140,16,5770,0,0
10940,0,0,3062,0,0
34458,1883,8,843,0,0
8260,700,2,3673,0,0
43382,11150,20,6924,0,0
245021,13639,15,3984,180,1
15737,220,3,4404,0,0
431824,30480,16,4443,500,1
2117,769,7,5609,0,0
16061,2750,11,6366,0,0
28712,1500,3,2256,1500,3
78105,49364,14,2070,0,0
2000,0,0,520,0,0
53957,7000,4,4133,500,1
18179,5488,3,1877,0,0
29287,0,0,3216,0,0
23352,3600,8,1459,3600,8
35445,3379,9,4198,0,0
48803,72129,14,5107,0,0
18035,811,2,6193,0,0
129298,29099,15,6722,0,0
25688,3103,10,4754,0,0
81144,34664,17,1769,0,0
51864,6795,13,3279,0,0
44205,28340,13,3676,0,0
101101,10850,11,6725,1850,6
8399,21136,13,3052,0,0
41048,1195,3,4856,0,0
11023,0,0,4328,0,0
42275,4100,6,4712,1600,5
9489,5359,14,5807,0,0
146599,16463,16,6444,1000,2
23717,3375,19,1404,0,0
74007,9259,13,2181,0,0
51830,0,0,6507,0,0
35738,41264,16,6526,0,0
193818,16327,13,3768,0,0
24803,0,0,2623,0,0
568174,67121,16,7243,1000,2
28731,29782,11,2182,0,0
17648,0,0,6912,0,0
48607,18284,37,1339,0,0
23027,3375,15,1669,0,0
150312,1000,1,3967,0,0
7456,0,0,2635,0,0
404142,75509,13,4784,0,0
65672,29089,13,6529,0,0
66863,36532,9,7099,0,0
37832,0,0,6004,0,0
10508,0,0,309,0,0
166638,64572,22,1697,0,0
25313,7491,13,7064,0,0
190730,78916,28,1648,2450,9
32699,1500,2,3167,500,1
63635,5175,31,4622,50,1
197973,72345,14,4155,1029,2
36978,100,1,3033,100,1
2278,0,0,5175,0,0
97131,33324,19,2727,1500,3
128927,61165,14,2882,0,0
11218,3850,14,1604,0,0
62942,4752,8,5070,2121,6
50,50,1,5073,50,1
97752,43300,26,6935,2077,4
21334,5472,20,6200,0,0
88918,5537,14,4180,0,0
214674,25688,23,2607,2500,5
64594,9295,14,1869,0,0
41354,4123,4,7034,0,0
84035,4240,6,8114,1600,4
21847,929,4,4491,903,3
25824,17760,20,2559,750,2
65021,10369,12,3547,0,0
16014,0,0,1450,0,0
4780,0,0,4733,0,0
15540,209,3,1761,104,1
9372,0,0,1524,0,0
13720,0,0,5884,0,0
53210,11422,10,4993,0,0
66516,45406,16,5311,200,1
62629,36986,14,2438,0,0
11527,16874,27,4583,3880,6
92225,48276,19,2972,350,1
67018,23260,25,7698,0,0
103993,14149,13,6158,100,1
55610,5095,13,6151,0,0
32807,17259,4,3482,0,0
59782,7500,7,1681,2000,4
11529,15738,15,2768,0,0
22181,6245,15,3656,0,0
106921,26666,13,2581,0,0
1250,625,5,1071,0,0
112164,16802,14,2188,0,0
175344,40152,19,3770,0,0
14620,0,0,2833,0,0
2562,9075,11,2412,1050,3
81251,19500,6,3958,0,0
20678,2155,8,3862,0,0
49736,3200,4,6038,700,3
10879,78186,32,7981,3400,12
34357,73622,25,6198,100,1
266776,8370,30,5042,6520,28
194074,12500,6,4701,0,0
138368,68663,13,5755,0,0
217557,97584,19,6679,550,2
8335,3750,16,2522,0,0
24893,0,0,1652,0,0
7421,0,0,6142,0,0
145214,3500,4,2560,500,1
123430,49987,17,4798,0,0
1000,0,0,1597,0,0
3965,8228,12,2003,0,0
11136,100,1,3571,0,0
9264,4830,15,424,0,0
747983,26117,15,6427,50,1
33057,5190,5,4828,0,0
24930,13060,9,5084,0,0
34942,19016,13,3089,0,0
21740,5625,11,2048,0,0
68907,33434,10,3365,0,0
44780,2100,3,968,1100,2
4892,0,0,1282,0,0
32156,23928,29,2257,2150,12
106961,7357,19,7572,200,2
73640,10192,14,5156,0,0
242910,103935,18,6296,500,1
202636,19000,5,6119,0,0
13982,500,1,2117,0,0
32886,3606,10,3281,0,0
37563,8142,14,3925,0,0
148976,2650,3,2108,650,2
70730,1319,12,7316,0,0
4916,900,3,5107,800,2
13310,0,0,4755,0,0
161453,38956,44,3158,0,0
32659,3614,14,2553,0,0
105737,71728,13,1705,0,0
13623,2625,14,1330,0,0
53556,0,0,3575,0,0
47457,12621,16,7766,0,0
46269,20594,14,3487,0,0
365918,83752,23,6429,1373,7
68092,16524,14,652,500,2
118487,3388,14,2592,0,0
42970,7889,14,2256,0,0
32234,17001,13,1780,0,0
43285,28613,14,8252,0,0
5500,2875,9,1428,0,0
23933,10144,15,1804,0,0
55461,31658,17,2315,500,2
50052,49383,13,8289,0,0
40420,8649,14,3651,0,0
56688,3550,10,3812,1050,9
2224,0,0,5098,0,0
20426,3993,7,4194,3493,6
76660,38807,24,1193,3341,1
149286,42141,30,7222,2400,13
60014,45105,32,669,500,2
119676,550,4,4485,550,4
104665,9547,12,6249,0,0
61841,48700,49,1659,0,0
252386,39787,13,7787,0,0
619393,15008,14,7819,0,0
33323,0,0,1405,0,0
17599,100,1,6029,0,0
10146,26633,12,4509,0,0
17823,15323,8,1453,0,0
38137,11050,3,3182,50,1
43220,4985,20,2041,100,1
120576,36635,14,3823,0,0
189423,63584,31,6476,600,1
10643,40585,14,4107,850,2
11660,140,1,7050,0,0
78317,34282,35,1859,2537,11
23827,8125,37,4616,1000,2
46440,5582,24,3952,0,0
20157,1450,3,2455,150,1
4586,1000,1,249,0,0
85156,133,5,3550,0,0
30686,6161,2,3596,0,0
23226,2236,2,3343,0,0
66328,40522,14,4575,0,0
184701,45629,13,4989,500,1
84914,27482,25,6994,0,0
26965,7346,13,4653,0,0
118079,43298,16,4867,500,1
234308,21078,15,6007,200,1
55864,3691,6,5251,500,1
66614,0,0,1992,0,0
106115,16197,21,5219,500,1
30638,48963,16,5696,0,0
21616,0,0,6291,0,0
39566,23755,18,1763,0,0
49238,38037,18,7801,0,0
121688,31631,15,4420,0,0
21921,0,0,7939,0,0
2075,5002,14,7374,0,0
68610,6115,12,5349,0,0
4606,4320,6,3501,0,0
31929,3500,3,2019,1000,2
23379,11712,25,5499,0,0
102942,56780,18,2405,0,0
134501,59855,32,4663,1193,2
63036,9006,14,4475,0,0
18074,1625,6,1765,0,0
3082,0,0,3923,0,0
33087,24761,9,724,500,1
22459,104,2,4215,0,0
73849,11793,21,7250,0,0
529477,31624,28,6311,2098,5
30500,0,0,1628,0,0
22533,22206,17,5248,100,1
84674,46335,14,6738,50,1
24756,7720,26,4723,500,2
57017,2495,11,3854,0,0
59797,7069,4,7444,0,0
182317,19489,17,7397,273,1
108904,19931,17,5255,0,0
8828,0,0,7914,0,0
66741,71921,30,6638,2600,7
22966,3950,8,1443,450,6
85826,33678,29,3026,0,0
165144,24156,14,3581,0,0
45603,5964,13,2432,0,0
124430,15523,17,4054,1200,8
74924,59650,13,6141,0,0
68359,15803,17,1293,0,0
99704,15750,12,4106,0,0
30015,5875,32,7341,0,0
66524,34682,23,3188,0,0
235312,56685,16,3476,0,0
21694,45230,20,7575,700,2
58382,11327,32,2480,4800,23
75413,31726,18,6094,0,0
11289,1500,5,4492,0,0
139423,54152,25,2677,500,3
16200,160,1,7043,0,0
7847,0,0,284,0,0
644881,14350,28,2511,10850,26
26513,7670,14,2678,0,0
18522,4100,8,3256,600,5
36146,4091,10,1975,3091,9
319241,71867,36,4692,0,0
51324,20533,14,4408,0,0
70391,6000,4,6150,0,0
13350,3850,24,1071,0,0
19892,3505,13,1240,0,0
38077,34024,8,6837,0,0
35196,0,0,2922,0,0
80174,500,1,5804,0,0
28312,1726,13,2335,0,0
289351,147787,35,5789,500,1
144697,2000,1,4420,0,0
34616,1750,4,7850,500,1
115154,13466,17,2440,500,1
59791,3254,7,4602,0,0
37202,15000,4,4511,0,0
31489,21950,21,2216,0,0
7239,15835,15,5343,0,0
108137,6368,5,6844,6368,5
27438,2528,6,2490,2528,6
70380,74399,12,6050,0,0
61545,18351,18,1973,0,0
91736,26724,14,5994,0,0
24266,2375,12,4111,0,0
132335,30273,14,3974,0,0
52440,500,1,4026,0,0
22865,1750,7,2375,0,0
37520,19924,6,1432,0,0
85884,7742,9,4692,0,0
162365,65029,15,1948,0,0
20308,19526,13,3797,0,0
24011,20442,9,6123,0,0
13004,13890,39,1572,0,0
41628,16771,12,1818,0,0
33398,14086,15,2223,0,0
13878,0,0,4317,0,0
136161,6032,15,6463,0,0
20457,51399,16,7193,0,0
53790,28717,19,8296,0,0
6584,0,0,5118,0,0
56213,3207,14,3900,350,1
29518,2702,12,2532,0,0
33245,31390,17,1628,0,0
59967,10000,4,959,0,0
45742,7625,23,2712,250,1
115161,9050,18,2417,3050,15
862,0,0,8,0,0
529886,23866,26,8296,7741,15
3831,2,4,2013,0,0
33964,300,3,5128,0,0
109133,21378,16,2989,0,0
107333,4374,5,5063,1874,4
5000,5000,1,1537,0,0
22080,12200,47,7050,1950,9
65573,3875,23,7130,0,0
5250,1875,8,1418,0,0
28143,174,1,7000,0,0
61286,1500,5,4755,0,0
17215,1750,7,1423,0,0
25835,15153,15,6142,0,0
38348,0,0,6861,0,0
97768,26734,13,3119,0,0
54522,21221,45,6125,2500,5
410795,73679,31,7514,0,0
71507,3750,6,2934,0,0
626,626,1,3393,0,0
70464,4000,4,4889,1000,2
42990,5345,3,5804,0,0
11303,0,0,119,0,0
45149,21292,10,2949,0,0
11711,500,1,1922,500,1
39946,16951,14,5282,0,0
83508,11268,13,5069,2176,2
54396,34007,16,2283,0,0
31007,5700,6,5465,1200,4
16843,780,3,2112,0,0
120345,38323,17,3544,650,2
204693,5159,5,1672,0,0
16442,0,0,1962,0,0
73102,18156,20,2272,0,0
44026,12282,18,5738,634,1
160114,71954,86,1373,30817,53
5103,5103,2,2697,0,0
93191,10463,17,1539,3100,7
8232,0,0,258,0,0
176262,12678,8,4862,150,1
79211,36776,14,7260,0,0
36300,450,2,3329,350,1
27381,18009,18,7524,0,0
22647,1136,9,883,0,0
4148,13504,18,4607,0,0
68192,1300,9,1640,1300,9
22116,20809,14,5463,0,0
24051,8764,13,7395,0,0
34781,11270,12,2859,0,0
211595,3250,8,7521,0,0
6850,2225,11,1719,0,0
35945,0,0,7220,0,0
182291,24155,22,8289,0,0
88404,37304,29,1628,500,1
13942,5822,12,1458,0,0
11031,1600,5,5762,0,0
80906,23548,15,2140,0,0
259529,700,3,2210,200,2
16664,0,0,5778,0,0
25205,0,0,2532,0,0
27243,6785,12,4606,0,0
61479,6050,4,1755,50,1
122488,2800,17,1718,1300,16
46207,16093,32,1130,0,0
77285,63841,32,6417,0,0
42342,11408,23,4331,11408,23
123842,24295,14,2500,0,0
168897,37451,24,5189,400,2
11789,28756,20,4775,900,2
33951,12279,14,1963,0,0
34049,2030,8,3306,0,0
44668,872,2,1557,0,0
54942,4200,10,2610,4200,10
35650,23130,34,1640,0,0
3305,31465,24,6633,1700,10
10978,14313,11,6193,0,0
106757,51234,13,2013,0,0
168886,66859,21,3285,200,1
140544,1021,3,3342,500,1
16501,0,0,360,0,0
23184,3694,12,7467,1150,3
8207,1750,7,6184,0,0
15917,105449,25,5653,200,2
975,350,3,4519,0,0
129887,26810,10,2566,810,3
71502,9482,13,1699,0,0
37335,19507,17,3202,0,0
80223,21248,26,8121,2050,7
72173,2954,13,7509,232,1
60867,41345,18,3454,0,0
57642,52176,15,1564,0,0
15436,6147,13,2138,0,0
89945,14218,16,5680,350,1
22551,0,0,1794,0,0
29342,5835,4,5153,0,0
75526,46421,14,3712,0,0
34562,1770,9,5622,250,3
22496,9712,14,3180,500,1
30592,2602,7,6512,0,0
89835,9058,11,5080,0,0
3967,375,3,1337,0,0
3000,1000,1,270,0,0
8723,77923,15,5231,0,0
5824,0,0,5401,0,0
134937,500,1,4427,0,0
40091,7278,10,6959,0,0
1666,980,3,2761,0,0
20818,15214,4,5036,0,0
57432,13422,19,2546,5100,12
48131,60090,18,2161,0,0
70671,0,0,5850,0,0
41370,51335,9,4842,0,0
7216,21419,18,6470,0,0
30062,7373,10,3057,4373,8
443003,1753,43,6948,3850,12
37571,7197,15,5762,0,0
26412,5086,2,6552,0,0
449205,4750,9,3071,3250,8
33972,21029,29,1467,0,0
2625,1375,4,850,0,0
142989,26210,14,2340,500,1
147090,35511,31,2927,1800,16
233449,21274,18,3419,0,0
137134,92740,20,5170,0,0
110480,44191,22,2539,500,1
39654,1625,6,5518,0,0
40724,29481,14,4007,0,0
2686,7500,4,301,500,1
55639,2750,15,4299,0,0
74331,15779,14,1514,0,0
245731,34322,35,4385,0,0
187999,52429,49,2184,4550,24
35766,49702,20,3503,784,1
134346,100210,18,4485,0,0
36398,9704,22,1858,0,0
20503,520,3,3445,0,0
56289,24051,15,1628,0,0
37211,23007,18,1817,0,0
5745,400,4,1067,400,4
5432,1000,2,2535,1000,2
18046,162,4,5416,0,0
88702,9620,13,7406,50,1
153554,11786,6,5784,1750,4
101057,13650,11,3600,2150,9
30868,405,3,4226,0,0
25512,0,0,5393,0,0
22885,1060,2,1541,0,0
31484,3125,11,4117,0,0
16796,2875,16,6773,0,0
5600,125,1,8228,0,0
22291,3812,11,1675,578,2
11525,0,0,3008,0,0
9483,1000,1,6340,0,0
26745,17547,9,3664,0,0
205292,5471,13,8296,0,0
31224,1150,7,1508,650,6
25963,8183,25,4244,0,0
17645,60978,20,5660,0,0
2477,2319,6,2137,500,1
26522,18479,13,4358,0,0
33530,0,0,1777,0,0
51752,25962,20,4631,0,0
12964,450,3,943,350,2
29253,7625,5,1630,0,0
66860,12667,20,4155,980,5
89527,22206,14,5821,0,0
8561,2050,8,6675,1300,2
32774,0,0,6304,0,0
59486,3517,4,2315,0,0
117120,41278,17,6288,500,1
195563,16715,13,6042,0,0
139298,0,0,4965,0,0
53027,0,0,4585,0,0
66466,86952,22,1956,0,0
25168,500,1,5547,500,1
24683,600,2,2117,0,0
103615,13668,15,2896,1300,11
121992,3200,4,4257,600,2
52195,35847,13,4476,0,0
34790,0,0,2272,0,0
45586,37459,15,7246,0,0
190429,27500,11,4974,1500,3
95109,26149,8,4593,0,0
2827,0,0,1375,0,0
169794,22824,19,3119,767,2
29263,15184,13,5279,0,0
17534,0,0,1656,0,0
23432,1162,10,4510,0,0
57477,2607,4,3038,0,0
56258,38591,23,4197,500,1
3507,14500,7,5643,0,0
38042,7658,17,2606,0,0
35026,9799,27,6247,500,1
35304,30532,13,3131,0,0
13232,8668,16,3753,0,0
2784,0,0,2066,0,0
10062,2000,9,2242,0,0
5074,500,1,4730,0,0
81552,7703,8,3855,0,0
33604,13619,16,2633,0,0
14233,160,3,1687,0,0
9338,200,1,2371,200,1
60936,56381,17,5051,0,0
40835,50602,39,4090,2250,10
61172,6875,10,4609,0,0
6356,5000,1,180,0,0
19591,4437,8,1772,0,0
38964,35166,26,5553,3200,8
24698,1329,5,4267,500,1
133002,15672,21,7117,150,1
7515,13681,18,2552,0,0
18750,7000,44,1036,0,0
37693,30546,7,4671,0,0
205523,32404,20,7159,1000,2
84516,22713,15,4063,0,0
32010,12315,6,6421,650,2
207395,55903,17,4761,500,1
20318,6990,13,1956,0,0
65823,28208,19,6373,300,3
74538,18835,21,2726,0,0
11974,4025,12,1565,2400,6
10747,990,4,2697,500,1
31011,0,0,1130,0,0
29919,1225,3,2949,0,0
12646,631,4,7787,631,4
109248,6828,11,6618,0,0
115591,9500,20,4967,2500,16
155962,16510,16,6406,50,1
22639,1840,4,5168,0,0
94938,12999,21,4310,0,0
32934,500,1,858,0,0
120700,55323,17,7598,1500,1
112013,24943,14,5734,0,0
179559,17819,12,7173,1000,2
394999,4150,5,3599,150,3
766419,11398,3,7162,398,1
427357,6027,12,5587,0,0
3578,0,0,5114,0,0
77382,4950,13,2256,0,0
24920,375,3,2067,0,0
9071,1647,9,5225,0,0
16063,2330,9,1447,0,0
210350,56754,14,5302,0,0
40994,26916,15,5078,500,1
1300,454,11,3691,0,0
3441,1643,6,4484,0,0
37773,8436,15,6179,0,0
29929,18032,17,3344,150,1
95656,62666,27,7019,0,0
15098,32917,26,6737,550,3
65633,3100,10,1791,2000,8
4787,3125,8,4734,500,1
39862,14152,18,2727,350,2
18707,100,1,6693,0,0
8557,200622,5,1955,622,3
79903,6600,13,3162,3300,9
124681,23392,39,2173,2287,5
19821,2525,3,1731,425,1
60168,44133,16,4313,0,0
32898,1000,1,3777,0,0
65784,10953,50,3169,0,0
16321,0,0,2710,0,0
83572,101110,27,5231,1700,5
70659,9178,8,1622,0,0
297127,27415,16,4631,0,0
221432,31975,21,5275,0,0
11864,2500,13,1397,0,0
41153,28686,15,4404,0,0
34103,34630,16,3115,0,0
154664,73881,33,5769,0,0
86069,35282,21,4972,0,0
50193,12263,3,3596,0,0
130761,52423,15,4674,0,0
12426,0,0,2238,0,0
40645,18348,13,8067,0,0
138411,53843,14,6247,0,0
40189,0,0,5952,0,0
138020,16449,17,3637,500,1
4360,2000,9,1355,0,0
23578,16366,17,1830,500,1
49874,39976,13,4293,0,0
56693,20454,11,3893,0,0
79629,2550,2,6091,50,1
12981,0,0,4246,0,0
333500,69780,23,6171,1258,4
17995,0,0,4994,0,0
229397,22873,13,8289,0,0
7922,0,0,4491,0,0
29174,100,1,1087,0,0
34540,27882,13,6494,0,0
1224,0,0,269,0,0
46809,125,1,1878,0,0
10307,0,0,2808,0,0
43603,17100,4,5335,100,1
44754,0,0,3648,0,0
95916,11845,11,3182,0,0
8188,500,1,1985,500,1
139897,21065,28,5329,50,1
82270,24612,6,5270,0,0
76060,33424,30,3263,0,0
30171,15370,13,3853,0,0
11070,0,0,7939,0,0
281626,53521,16,5878,0,0
164222,7300,5,1892,800,3
8992,1250,3,1417,0,0
14273,0,0,4341,0,0
117290,1754,8,2717,0,0
128676,8500,3,5164,0,0
3664,0,0,4089,0,0
93154,30752,21,2333,0,0
35342,70454,12,5534,0,0
46654,3215,6,2830,0,0
14513,0,0,2731,0,0
20162,2750,15,6324,0,0
1704838,17108,32,7283,4823,23
63311,25048,14,6634,0,0
92641,5265,6,5568,0,0
43971,1491,11,2350,0,0
104860,28426,28,6931,1150,3
4340,32685,5,7733,0,0
75179,1015,2,4118,0,0
143080,44373,38,7575,3928,17
32678,0,0,4481,0,0
79479,23167,13,6118,0,0
27348,3084,4,5824,0,0
27820,3005,11,3454,0,0
17481,1396,3,586,0,0
8344,1500,2,1753,500,1
205126,126630,45,7668,2250,10
34249,4100,12,2951,0,0
69323,5140,2,4786,0,0
85496,2799,7,3820,2711,6
51169,13080,13,1809,0,0
96154,7052,15,4433,0,0
33410,818,12,6255,0,0
20891,150,3,1920,0,0
26055,647,9,4464,0,0
54594,14402,14,4233,0,0
24608,62774,21,5430,0,0
73378,13607,14,3599,0,0
53715,7164,15,7416,300,2
20584,3450,11,6884,3450,11
18954,550,3,2465,550,3
52965,500,1,3606,0,0
5690,11612,15,1549,0,0
50416,4574,13,1597,450,1
4028,0,0,346,0,0
41526,0,0,6406,0,0
43595,4375,14,1867,0,0
25123,2030,6,8289,0,0
162521,57354,25,8105,0,0
54637,21181,27,2927,4673,21
10470,38094,26,7840,0,0
14371,28723,13,4671,0,0
46074,2193,11,4419,0,0
74796,19710,15,3616,400,1
188703,62973,53,4625,500,1
4375,2875,16,248,0,0
10697,1000,8,2111,0,0
127297,8510,12,8296,0,0
49708,0,0,4560,0,0
16516,500,1,4275,0,0
87282,13480,10,3911,0,0
18820,0,0,6549,0,0
179433,30476,15,7187,0,0
37936,6211,12,2719,0,0
36839,4436,6,2275,0,0
145993,95082,17,7229,500,1
16994,1550,3,5379,1050,2
31759,0,0,1922,0,0
66807,23456,14,1575,0,0
119735,22432,17,1996,1000,2
87692,2310,6,8289,500,1
17445,4500,3,6576,500,1
24100,26674,23,3421,2300,7
86380,13500,3,6102,0,0
62553,7672,16,6819,700,1
16128,475,3,2643,0,0
1000,0,0,5367,0,0
25158,52278,17,5079,0,0
48806,12600,10,3502,2500,8
13490,0,0,2032,0,0
67358,67027,34,4379,500,1
182228,41048,12,2139,0,0
56712,15685,14,997,500,1
18538,2200,3,4344,0,0
14336,0,0,3349,0,0
74453,5500,3,5181,0,0
44353,2500,1,138,0,0
215946,2125,10,2740,0,0
10635,45212,20,2131,0,0
16176,0,0,4170,0,0
130920,30299,20,4793,1100,6
24065,29586,9,1045,0,0
14052,0,0,1808,0,0
193547,3544,12,5153,0,0
1000,1000,1,148,0,0
20111,5653,12,4468,0,0
5546,2631,6,5995,0,0
6914,0,0,812,0,0
58387,14581,39,1435,0,0
37244,38220,18,3890,0,0
3056,1200,3,4363,0,0
12239,2912,5,4226,0,0
15148,15148,3,269,0,0
161546,8042,6,5722,600,2
93319,270,3,6043,100,1
156041,5644,13,5324,0,0
94222,52081,24,7201,0,0
146097,6919,16,6165,0,0
3230,0,0,10,0,0
46963,1500,5,7117,0,0
56687,48989,28,2973,0,0
13986,400,1,3398,400,1
169546,68315,24,1761,600,2
53518,73933,30,3930,400,1
39386,18722,7,1359,0,0
207655,78967,31,6144,0,0
131635,60315,9,2756,0,0
36665,1625,6,4747,0,0
8904,3740,14,898,0,0
28502,2375,12,1732,0,0
8485,0,0,2111,0,0
4584,0,0,652,0,0
145072,15000,4,2152,0,0
2558,6264,10,5581,0,0
15525,3853,6,7406,0,0
972,0,0,2,0,0
48410,37869,16,6395,500,1
93473,20257,15,6049,0,0
15000,15000,1,1976,0,0
10689,2750,15,5315,0,0
413509,2500,1,6598,0,0
35850,17759,18,3439,0,0
4653,0,0,2094,0,0
141554,41685,15,1139,1000,2
105160,20458,21,3732,0,0
1000,0,0,4769,0,0
14440,365,2,1502,0,0
134457,15588,14,6861,0,0
12675,4875,25,1390,0,0
39983,39983,11,1569,0,0
168515,4600,4,7269,0,0
85346,2835,3,2748,0,0
117240,1200,3,6471,700,2
61440,8156,25,6032,0,0
36254,7232,7,4453,0,0
38378,1600,4,2091,600,3
42366,6293,9,2770,0,0
25076,57203,14,6750,0,0
59927,3100,3,1464,0,0
24557,18957,20,1996,0,0
17920,3250,18,3546,0,0
13117,1972,3,3027,0,0
11961,11961,10,4646,0,0
1625,1375,4,1547,0,0
60976,97318,31,6282,7000,14
17603,7247,14,1958,0,0
22751,4500,9,4166,4500,9
179207,7041,6,3169,0,0
69880,4635,5,4552,0,0
67083,4600,4,4532,500,1
2318,8747,14,7945,0,0
78629,36679,25,6817,0,0
109416,73665,39,2327,2200,5
96610,66298,22,4362,0,0
37839,11512,16,2084,0,0
14394,935,4,2754,150,2
27566,6362,24,3279,0,0
5316,1134,4,4610,0,0
109103,19600,27,3739,7600,24
83811,25936,15,3281,500,1
63162,27564,8,1600,0,0
5346,0,0,1621,0,0
56268,33447,14,6017,100,1
38896,76988,16,7771,556,1
31769,0,0,5464,0,0
101431,49801,19,1677,0,0
5500,5500,11,1690,5500,11
18239,0,0,1683,0,0
143566,5000,5,6785,1500,3
1250,1250,3,679,0,0
14889,1500,2,5393,0,0
153597,56567,18,8289,0,0
25435,7147,32,3027,0,0
53935,0,0,3743,0,0
9310,500,1,4272,500,1
68226,3147,8,4299,200,2
37093,4250,13,1810,0,0
17967,1500,5,3340,0,0
5320,2275,9,5084,0,0
17500,17500,2,4167,0,0
13640,1500,5,4923,0,0
201346,99612,34,7463,600,4
20203,750,6,7467,0,0
16528,250,2,6081,0,0
6305,0,0,1031,0,0
38761,9015,12,1533,0,0
23518,11843,13,1768,0,0
92406,9402,26,1999,750,2
74645,40367,18,6147,0,0
65316,3917,10,7254,0,0
232194,46165,17,1978,0,0
35418,58557,18,6813,900,3
39669,31989,14,1955,0,0
20856,5250,4,6938,250,1
33753,14961,14,3335,500,1
222227,38127,14,7047,500,1
125274,3150,4,2194,550,2
105249,36093,15,6153,0,0
124004,9982,12,5815,0,0
248738,500,1,1888,0,0
97752,3676,10,5309,0,0
7500,0,0,2084,0,0
17386,0,0,3771,0,0
278727,21666,19,7155,9166,16
14748,2210,7,2497,0,0
114508,29960,22,4226,1250,8
35474,15086,6,1479,0,0
28519,2125,2,5405,0,0
570,180,4,785,0,0
47291,1350,4,2336,350,3
32540,44283,17,2297,100,1
40257,12885,31,3237,0,0
354641,77694,29,5710,3600,9
8994,0,0,1104,0,0
17609,803,5,4317,803,5
19850,500,1,4376,500,1
66716,22571,16,2082,200,1
27043,0,0,2814,0,0
131424,58814,14,6128,50,1
46003,1340,7,2698,0,0
179382,4225,7,6115,0,0
71713,2135,4,1845,0,0
52084,4836,7,4222,0,0
50431,1000,1,8289,0,0
10497,0,0,5815,0,0
119214,10028,16,6205,0,0
38995,1200,2,563,200,1
40091,0,0,1803,0,0
210040,77333,39,5517,0,0
17060,0,0,1836,0,0
12471,0,0,666,0,0
16844,0,0,483,0,0
190285,69262,16,5728,348,1
28695,0,0,4173,0,0
175131,53495,15,6431,0,0
17863,0,0,2028,0,0
87851,28969,17,4026,0,0
115655,64968,21,5631,500,1
30463,4619,9,1275,0,0
66923,17139,12,4875,0,0
9768,7069,8,3242,100,1
37478,5409,4,429,5409,4
86511,5000,6,4625,2000,4
150176,29999,17,6284,400,1
23649,3250,16,3176,0,0
24228,2850,15,3452,0,0
80500,16368,16,3146,0,0
69555,21957,16,4390,250,1
47513,19904,13,2516,0,0
18727,0,0,3524,0,0
59177,2300,6,1869,700,3
35243,10046,15,2356,1500,3
49375,23628,14,3797,0,0
52475,14447,13,962,0,0
9002,1586,9,4933,0,0
177926,20797,13,7886,0,0
73836,64748,19,6087,0,0
19870,11075,4,892,0,0
66315,8096,9,1689,0,0
22084,2773,10,2054,0,0
125679,68151,27,3683,650,1
22529,5115,20,4865,3400,16
62339,0,0,1507,0,0
206287,11294,20,2819,150,1
23023,0,0,5087,0,0
95783,14506,13,5659,0,0
32619,1070,7,3846,0,0
3250,2125,10,1117,0,0
37953,62571,28,4282,0,0
91605,37840,18,1444,0,0
41279,14462,20,7064,1650,6
1500,0,0,480,0,0
17613,5030,9,1495,0,0
28132,465,5,1702,0,0
64131,7676,15,1681,4620,11
47966,51615,11,3145,650,3
213150,56308,41,7645,5200,14
27591,8209,34,5659,1800,16
149285,15656,13,7561,3250,6
14504,0,0,2329,0,0
81871,23068,20,2222,0,0
21311,2000,9,1990,0,0
28867,19169,28,1425,0,0
104656,5000,3,1663,0,0
46455,6817,11,1763,0,0
19661,0,0,2175,0,0
52060,6500,3,7162,0,0
14554,0,0,3237,0,0
72812,16930,17,4442,50,1
65435,1000,2,4786,500,1
229576,9030,19,2217,9000,18
35080,0,0,4562,0,0
47938,12656,13,5708,0,0
7041,1747,12,2718,0,0
43387,4942,13,6613,0,0
136104,68988,51,4916,2069,8
3832,1000,1,6120,0,0
23385,18303,15,2248,150,1
28010,150,3,2115,0,0
2261,15062,2,5556,0,0
37331,0,0,1970,0,0
77699,42775,13,7654,0,0
8150,14135,41,1676,500,2
140918,69760,32,3883,0,0
55922,8104,19,1552,4104,16
77978,1373,10,3753,650,6
122506,21022,13,4408,0,0
60854,5240,5,1457,0,0
180481,18315,25,2019,3100,7
161579,7688,21,3811,5688,20
108081,217006,24,3567,0,0
25577,33420,18,4432,0,0
92646,27177,16,4523,0,0
654,14967,10,3022,0,0
20746,37534,17,7185,0,0
479989,66516,26,6980,1600,6
26972,0,0,4587,0,0
82078,40279,9,5664,0,0
123370,7478,16,7197,0,0
172288,66879,10,7130,0,0
32749,450,3,5050,450,3
179042,25078,50,6456,3350,15
57293,1000,1,2319,0,0
29417,16011,3,1582,0,0
19290,0,0,2331,0,0
40346,5412,13,1483,0,0
6822,0,0,1559,0,0
24372,255,1,3064,255,1
32948,50,1,7569,50,1
10355,6510,10,3918,0,0
62645,19602,11,1474,0,0
1884,0,0,31,0,0
88668,9889,15,4903,100,1
152881,79687,18,7474,500,1
26119,3189,6,3257,0,0
39372,4296,10,5190,0,0
93045,17636,15,7092,0,0
79561,6333,12,6231,400,2
288865,23600,14,6884,2000,4
463494,27390,17,6323,750,1
76909,18405,12,2066,0,0
68390,3450,3,4754,950,2
13050,13617,16,5920,0,0
15138,140,3,2993,0,0
88443,1200,3,6837,1200,3
162410,20203,17,4420,0,0
22289,18105,34,1501,189,1
22831,4500,15,5442,0,0
35659,1102,9,3533,0,0
12286,7972,11,1018,250,1
326201,19350,14,3119,0,0
11834,0,0,4306,0,0
111442,30368,19,3392,0,0
25853,23163,18,1886,0,0
221543,10300,5,3554,200,3
31539,6406,16,721,200,1
100640,7600,8,6708,1600,5
65207,34832,18,3115,1450,4
52584,2500,1,1439,0,0
27993,6000,3,5542,0,0
178919,23387,17,6555,0,0
41824,2100,3,1982,0,0
48958,24430,5,3483,0,0
85751,26842,14,3711,0,0
151152,13635,21,4895,1100,1
40204,850,3,3006,350,2
126680,18248,39,2108,4723,31
194576,41315,16,2539,550,1
148086,32551,14,2913,0,0
15750,1065,3,6254,0,0
144525,2833,4,5785,0,0
89761,11965,13,3845,0,0
84631,20415,17,6736,0,0
21950,5739,16,1668,0,0
166681,107645,25,3287,0,0
4735,275,2,4257,0,0
25316,0,0,3258,0,0
145726,19019,15,7292,0,0
37305,10205,13,1513,0,0
76552,150010,36,3894,0,0
38716,8253,21,8114,0,0
181200,7514,21,4159,0,0
39908,45824,29,5394,0,0
124027,8698,12,2952,0,0
74072,50272,39,2264,0,0
45735,10085,3,4239,0,0
235947,3982,16,8145,0,0
175461,40997,14,8289,0,0
86150,7600,34,3011,100,1
120576,58831,23,6896,250,2
21944,29461,13,3900,0,0
737514,43993,40,5030,2150,7
54265,0,0,6109,0,0
75112,35532,14,4271,500,1
11933,249,3,1412,79,1
12560,1282,6,4324,1282,6
1100,1100,2,438,0,0
57002,2570,13,5350,0,0
50593,58208,17,6689,1500,2
18366,1100,3,4783,1100,3
47150,39561,18,5577,0,0
7388,3958,15,446,150,1
32015,6000,6,4574,0,0
8250,250,2,6486,0,0
2500,2500,1,3717,0,0
412,13000,1,4761,0,0
518960,15700,8,2819,200,1
139982,14500,6,1430,0,0
15875,24918,12,4141,0,0
94167,6500,4,5990,500,1
34086,19669,18,5344,1500,3
550367,12500,13,7801,50,1
22134,0,0,2161,0,0
77814,14786,11,4394,0,0
20765,15949,4,319,0,0
35119,0,0,6749,0,0
43097,3258,6,6918,0,0
295008,136704,27,5028,0,0
37552,100,1,5340,0,0
3641,1164,3,3603,0,0
44457,225,3,7026,0,0
22585,3430,3,5689,0,0
48145,10735,27,7540,0,0
28733,0,0,4650,0,0
39847,95918,38,5694,150,1
60646,57011,18,5559,50,1
24887,0,0,4047,0,0
4151,375,3,5570,0,0
120476,9406,14,5870,0,0
120152,6250,27,4497,3750,26
23224,1750,7,2322,0,0
25404,2125,7,5203,500,1
38150,16688,15,5854,0,0
23054,400,3,2553,300,2
62464,5675,16,3820,500,1
5667,5667,4,4937,0,0
20198,3139,2,601,3139,2
24847,1550,4,1022,0,0
37866,9200,18,1230,0,0
44101,57114,19,1829,0,0
54345,1850,8,3348,0,0
31967,1600,4,5101,350,2
15635,410,3,1612,0,0
3273,500,1,2749,0,0
41537,3000,3,669,250,1
17336,2375,12,5934,0,0
151904,76440,25,6273,950,8
43761,5398,16,5268,0,0
64956,36694,11,1012,0,0
161396,26695,11,5792,1000,2
41547,16857,17,6697,0,0
11542,49100,16,5405,1500,3
91259,60609,12,4531,0,0
11571,0,0,1116,0,0
24265,1854,12,2550,0,0
20281,0,0,5567,0,0
24563,5718,8,1776,4218,5
171637,4300,8,2364,2800,7
94022,2585,14,3222,0,0
7625,4375,21,1393,0,0
11314,741,4,3845,0,0
12134,57676,25,974,3064,9
37165,19715,15,1654,0,0
103215,16726,14,2427,0,0
28526,4167,15,1360,0,0
13125,550,4,268,550,4
153197,14712,17,5189,100,1
109114,31956,27,4512,0,0
96490,2000,1,2665,0,0
23589,0,0,3336,0,0
70789,76661,29,3810,150,1
11449,9057,13,7397,0,0
102373,67212,33,4190,6600,14
1113394,60883,26,8228,2600,9
34383,22956,12,5611,0,0
126886,9120,17,4044,0,0
27122,0,0,2630,0,0
11030,0,0,5884,0,0
98224,5570,11,7467,0,0
147822,42469,18,5107,0,0
49885,23640,17,7533,0,0
138512,30130,15,4313,50,1
20954,375,3,1438,0,0
9157,75,2,6274,0,0
103796,63335,26,5021,250,1
81291,10522,14,5154,1430,1
119932,22463,26,6077,5177,11
2143,0,0,1672,0,0
207311,31000,37,2395,12000,24
81087,18971,12,3362,0,0
4130,100,1,673,0,0
178733,26465,22,4537,1800,4
118601,51240,19,5105,0,0
114070,16293,24,5818,250,1
53892,28641,20,3131,0,0
61893,0,0,2320,0,0
123516,240544,31,7507,500,2
12350,4125,26,1314,0,0
48256,8942,14,2121,0,0
156766,23375,27,2840,0,0
131306,32115,15,5797,0,0
55996,12165,14,3582,0,0
13949,0,0,5374,0,0
10926,0,0,1851,0,0
48161,41174,24,6294,0,0
47992,645,4,2073,450,1
8103,2750,15,4776,0,0
11431,1759,4,8289,759,3
26149,5190,6,6646,0,0
13460,0,0,271,0,0
77109,60000,7,6071,0,0
22878,9039,32,6641,0,0
29667,5304,19,4841,0,0
60230,500,1,7544,0,0
92402,40825,14,5443,0,0
602064,194753,26,7652,2250,10
101632,48658,14,3432,0,0
126484,5942,13,4758,3192,11
189784,35464,18,4190,2197,4
68023,119512,33,4702,500,1
142527,24091,47,3206,4650,24
56624,12311,14,2491,0,0
56606,61634,14,6039,100,1
92859,33378,15,5185,0,0
79500,21489,15,4146,0,0
98472,124421,45,6621,10250,28
44654,48874,16,4530,0,0
1000,0,0,500,0,0
100649,4000,3,4457,500,1
25934,370,3,2565,0,0
64414,1952,12,2395,0,0
123867,25308,17,7759,0,0
57330,380,3,4986,0,0
19085,827,11,5244,0,0
6015,0,0,30,0,0
36459,7573,17,2885,5473,15
56308,2500,3,4688,1000,2
68,590,1,3937,0,0
47301,4561,4,1464,0,0
227881,41186,13,7369,0,0
491987,68007,23,8289,700,2
24750,0,0,968,0,0
9399,2125,10,1430,0,0
90919,44430,17,3739,0,0
228829,59852,21,7612,0,0
37163,19318,14,4988,0,0
25214,1000,1,5598,0,0
103302,53552,22,6718,700,3
139983,17289,24,4629,100,2
48321,0,0,6102,0,0
71503,7819,17,5080,0,0
91716,6978,12,4267,0,0
16171,2875,16,4656,0,0
57622,1250,3,2337,0,0
28667,3861,7,6749,2050,5
240007,46771,14,4048,0,0
1302051,90653,32,7467,3050,7
160572,8163,18,6403,500,1
106509,1113,7,5036,0,0
26748,11981,14,5408,0,0
109618,14159,11,2138,0,0
56451,9302,11,5597,0,0
10009,0,0,5353,0,0
16859,64109,45,3266,4822,9
23704,14935,14,868,0,0
18959,0,0,2115,0,0
28193,103456,32,6980,0,0
39142,14981,28,1408,0,0
23997,250,2,4204,250,2
256219,29823,33,6561,6568,16
26720,913,3,8296,0,0
20969,40234,13,1831,150,1
468175,141615,22,7348,0,0
135149,15300,19,5267,3800,17
43326,4164,12,4881,0,0
8350,2125,10,4967,0,0
7560,0,0,5833,0,0
35088,320,2,2362,0,0
37965,2250,5,1998,0,0
32708,11556,13,2035,0,0
102339,47498,19,6156,0,0
118844,28731,17,8289,400,2
18059,0,0,2019,0,0
9646,3445,11,2140,0,0
11005,5736,3,1609,0,0
165534,71312,18,5736,1000,2
1500,1500,1,235,0,0
54005,1500,5,7099,0,0
208825,42007,23,3369,0,0
1344,1134,9,7498,0,0
39601,3733,9,6450,0,0
129871,15776,22,7752,0,0
35185,5957,7,1439,0,0
220267,8500,4,4716,0,0
9862,1693,3,309,693,2
30034,15816,6,2908,0,0
5195,33050,3,5755,50,1
9375,1750,7,6826,0,0
151336,11400,6,2742,1000,4
19479,2250,4,4625,0,0
32510,14568,13,4341,0,0
20773,13619,14,2765,0,0
85955,34197,22,2046,600,2
152063,34257,19,6159,1100,3
5112,0,0,4020,0,0
21854,500,1,1100,500,1
200,200,1,5254,200,1
109649,22136,13,3812,0,0
24093,1750,7,6819,0,0
444159,0,0,5993,0,0
43090,11411,10,6259,0,0
50001,4853,12,4023,0,0
46855,8845,17,4379,0,0
49519,25762,18,1522,0,0
7685,500,4,2406,0,0
133309,23987,13,7415,0,0
59805,2900,7,2802,1700,5
65706,21958,17,4534,0,0
134060,46606,13,6637,0,0
22074,6039,15,7404,0,0
49891,500,1,6392,500,1
21842,3250,19,929,0,0
72768,290,3,2762,0,0
199273,58457,14,3217,0,0
16773,140,2,2525,0,0
192104,39010,53,8289,1750,8
16803,1287,6,6291,0,0
127588,11297,11,1906,0,0
54148,40233,14,5949,350,1
43255,2691,3,2864,750,1
29836,16165,3,815,0,0
49749,13609,18,3265,0,0
82120,8000,3,5619,0,0
14231,4950,24,3917,1700,5
30486,0,0,5051,0,0
20885,751,12,1494,0,0
9128,0,0,1424,0,0
35569,27119,21,3357,0,0
14494,500,1,575,0,0
159109,19554,24,4138,1557,6
27102,27102,9,2563,0,0
140527,3500,14,4023,0,0
62183,38635,18,5738,0,0
15283,1250,3,7132,0,0
61285,55027,22,2412,0,0
37252,15774,19,5842,0,0
56186,27538,20,1926,400,4
38307,1500,3,2151,1500,3
192108,10200,3,4656,200,2
7342,0,0,4604,0,0
186892,63444,13,3732,500,1
58229,53108,16,6137,500,1
24598,0,0,7040,0,0
58703,46473,34,7296,950,4
21915,1875,8,1518,0,0
238641,61971,15,5849,850,2
63121,16634,16,1349,150,1
13886,0,0,6465,0,0
41487,10885,7,6451,0,0
56756,10851,14,2068,0,0
48256,9690,2,3979,0,0
23315,705,5,3309,50,1
25395,2000,1,6624,0,0
133853,68136,14,4960,0,0
18150,240,2,2538,0,0
59179,18908,15,3530,0,0
43179,11915,6,6214,0,0
76742,17910,13,5547,0,0
10120,0,0,6864,0,0
36298,3100,5,6865,600,3
44197,2500,1,3831,0,0
125077,21881,14,5905,0,0
20674,16876,22,2528,0,0
69882,180,6,7582,0,0
95100,1250,3,5671,1250,3
14710,3500,2,3149,0,0
52139,16314,14,3965,250,1
39947,1750,7,3922,0,0
13873,4833,20,6519,0,0
6371,1404,8,5905,0,0
322454,44591,23,5961,250,1
52577,441,12,5804,0,0
95759,9198,12,2231,6195,8
47160,0,0,1898,0,0
19839,36375,15,1535,0,0
117860,62758,15,8296,0,0
36887,9048,11,4951,0,0
93848,1600,4,4475,1500,3
128664,44298,16,5155,50,1
19918,17601,11,6863,0,0
126787,35021,17,6701,0,0
152945,18604,6,7598,3604,2
219387,105913,21,5951,150,2
5264,0,0,4496,0,0
68224,28916,16,1258,0,0
17388,0,0,4232,0,0
39020,1295,4,4246,0,0
11447,1945,13,5902,0,0
20810,1713,13,6225,0,0
9389,4195,5,1509,695,2
50016,13495,14,4548,0,0
42999,33801,12,5653,350,1
664,0,0,2108,0,0
25054,32592,17,486,3409,6
152367,43406,24,3938,700,3
75680,23159,14,3397,0,0
25681,14941,20,2468,2963,16
40255,2975,13,2880,750,2
161281,6321,8,3399,175,1
67904,81,1,5764,0,0
11692,0,0,95,0,0
73639,4709,10,4341,2709,9
29125,10930,14,5945,0,0
120622,25675,14,3040,500,1
11836,5075,14,2479,350,1
145233,9366,5,2626,4866,3
17051,1150,4,6868,1150,4
20681,0,0,4939,0,0
18302,2197,10,6569,0,0
28553,13844,5,5517,0,0
20642,4977,13,1614,0,0
122928,12211,14,6443,0,0
114549,5000,4,3760,1000,2
35033,1000,1,2913,0,0
354807,6000,12,4597,3500,11
287033,26161,58,2272,12873,53
29056,4354,14,715,0,0
45485,8417,4,759,0,0
23139,8156,14,3578,0,0
642756,37889,15,4841,1000,2
8210,9122,16,3312,0,0
95118,23188,23,6865,2200,7
15088,0,0,3650,0,0
1000,375,3,1382,0,0
55406,38118,18,4310,500,1
87633,69237,37,2068,4050,9
89708,8000,4,3173,0,0
16153,180,1,6491,0,0
47258,24768,19,7659,0,0
1846,450,1,6471,0,0
104338,2500,1,5982,0,0
10702,200,2,5272,200,2
163315,8035,29,3120,0,0
112197,32108,16,2013,0,0
66300,4750,6,1884,1150,3
165203,36666,20,3239,0,0
49050,18436,16,2426,0,0
98232,56687,14,3867,500,1
36805,13018,16,3799,0,0
26858,34308,17,6606,900,3
380930,22485,25,6539,213,1
196175,33886,13,3775,0,0
11952,0,0,3244,0,0
220081,52574,21,7626,500,1
91048,51580,20,2669,100,1
24523,100,1,7493,0,0
60313,10000,26,7829,3250,9
92533,2220,4,1905,2220,4
333346,52013,31,4469,4309,12
41247,0,0,2407,0,0
71627,3225,9,5793,600,2
22011,0,0,2167,0,0
59113,46808,32,5435,0,0
28495,49442,15,6912,0,0
16489,4851,27,4064,0,0
39859,3675,8,2272,0,0
51082,40878,13,3524,0,0
26939,29264,15,6148,0,0
305519,79216,27,5724,650,3
55661,15107,13,5387,0,0
5269,22697,13,604,0,0
55356,23871,15,4660,0,0
21599,5561,13,5302,0,0
55788,24831,12,7314,0,0
75556,2790,6,2712,0,0
135488,57787,16,4117,0,0
99502,19678,28,4182,600,2
21708,12811,13,4100,0,0
21615,5043,13,1069,1000,2
20010,0,0,1302,0,0
7254,0,0,4323,0,0
10794,0,0,3712,0,0
174286,11850,18,1950,2100,5
49052,46718,17,6575,0,0
44665,333,2,3601,333,2
84868,33187,15,6057,0,0
9125,750,6,1174,0,0
4680,135,3,1646,0,0
50325,11930,14,7155,0,0
83006,45167,13,4906,0,0
10732,1296,6,8296,0,0
6875,4625,30,581,0,0
315273,12584,9,5079,4084,4
15682,5025,6,3298,500,1
114868,45996,22,3204,0,0
30962,97683,37,7360,6400,18
369816,46942,35,6340,7266,17
37529,25706,14,2558,0,0
210018,48914,16,6217,0,0
20498,7826,20,5491,7226,18
23329,6326,3,4008,0,0
45533,12247,20,1486,0,0
9862,31280,15,4545,0,0
15326,0,0,4140,0,0
35094,4000,11,4944,0,0
80534,20715,17,3949,0,0
30178,14422,15,3656,0,0
121779,3500,3,634,1000,2
83237,35287,18,6837,0,0
96053,2200,6,4391,2200,6
3016,0,0,1398,0,0
28577,48564,14,3586,0,0
276571,42044,23,7872,0,0
28848,0,0,3069,0,0
96522,61105,19,6924,0,0
